plotid,percent_cover_2019,percent_cover_2020,predicted,observed,lon,lat
1,,,555,777,178.831569,-16.654321
2,,,111,777,177.92645,-17.67147
3,92,100,712,112,177.977284,-17.552195
4,100,100,172,112,178.088853,-17.774751
6,,,711,777,177.546215,-18.10538
7,100,100,172,112,178.107214,-17.444685
8,,,171,777,179.547403,-16.311838
9,44,16,555,111,177.385043,-17.789601
10,100,100,171,111,179.380737,-16.657956
11,100,100,111,111,177.977786,-18.060023
12,,,711,777,178.512954,-18.000459
13,60,60,711,111,179.661928,-16.724982
14,100,100,112,112,177.886138,-17.756251
16,100,100,112,112,177.869978,-17.808382
17,100,100,171,111,178.473051,-17.937332
18,100,100,171,111,179.704971,-16.686762
19,100,100,172,112,-179.952757,-16.80525
20,100,100,172,112,178.036732,-17.81489
21,100,100,172,112,178.423819,-17.621872
22,100,100,711,111,179.101967,-16.48913
23,,,711,777,178.464707,-17.643802
24,60,60,711,111,179.103603,-16.458485
25,88,88,112,112,178.137741,-17.986217
27,100,100,172,112,178.729319,-16.853637
28,76,60,711,111,177.917691,-17.839616
29,60,60,711,111,178.289011,-17.983644
30,88,88,712,112,178.017933,-17.542771
31,52,52,711,111,178.890433,-16.635089
32,,,711,777,178.837316,-16.637735
33,80,80,171,111,178.717104,-16.996873
35,,,711,777,179.237927,-16.439747
37,,,555,777,177.799425,-17.536181
38,100,100,171,111,179.334581,-16.700216
39,72,72,171,111,179.7555,-16.60319
40,80,80,711,111,178.254224,-17.830967
41,,,711,777,178.574627,-17.862531
42,80,80,171,111,177.426357,-17.665324
44,,,711,777,177.774695,-17.701952
45,,,711,777,177.578682,-17.975677
46,20,40,171,111,178.038247,-18.122878
47,56,56,172,112,177.924311,-17.640299
48,20,20,711,111,179.493353,-16.474532
49,100,100,171,111,179.867304,-16.525822
50,100,100,172,112,178.047146,-17.804803
51,88,88,171,111,178.100694,-17.813727
52,,,711,777,179.780109,-16.575498
53,32,32,171,111,179.549076,-16.311005
55,,,171,777,178.3945,-17.99674
56,56,56,172,112,178.105324,-17.552606
57,80,80,111,111,178.177554,-17.707543
58,,,711,777,178.886689,-16.539434
59,,,171,777,179.649828,-16.744646
61,28,28,171,111,178.169619,-17.397152
62,,,711,777,177.832229,-17.786313
63,88,84,171,111,177.456766,-17.833646
64,,,777,777,178.798384,-16.893434
65,100,100,172,112,178.119772,-17.877061
66,100,100,171,111,179.334765,-16.669049
67,,,711,777,179.474632,-16.482071
68,52,52,111,111,177.848747,-18.222227
69,52,52,172,112,178.183428,-17.869365
70,88,84,171,111,179.786456,-16.60657
71,100,100,112,112,177.801912,-18.030737
72,88,88,711,111,179.231929,-16.455531
73,100,100,112,112,179.966336,-16.918851
74,100,100,172,112,178.15348,-17.835383
75,20,24,711,111,177.914855,-17.783233
77,100,100,172,112,178.109704,-17.62199
78,88,88,171,111,178.296249,-17.652844
79,44,44,711,111,178.279227,-17.844089
80,,,777,777,179.57548,-16.313123
82,76,76,711,111,178.453127,-17.610001
83,36,36,172,112,177.865636,-17.847174
84,,,171,777,178.170168,-17.438902
86,,,711,777,179.577915,-16.241828
87,60,60,172,112,177.924597,-17.64084
88,,,171,777,177.456284,-17.643293
89,100,36,171,111,178.677686,-16.744543
90,100,100,172,112,179.245226,-16.609601
91,,,711,777,177.538012,-17.641731
92,80,76,171,111,177.378839,-18.066735
93,,,711,777,179.767273,-16.403898
94,,,777,777,177.927203,-18.250603
95,,,711,777,179.397897,-16.45451
96,,,711,777,179.101456,-16.597553
97,60,60,171,111,177.8793,-17.513338
98,,,711,777,179.819406,-16.534602
99,,,777,777,177.5545,-17.944294
100,,,711,777,178.754034,-16.663124
101,100,100,711,111,-179.904483,-16.782047
102,,,711,777,178.064173,-17.52382
103,48,48,711,111,178.697972,-16.715913
104,76,76,711,111,178.996149,-16.580429
105,100,100,555,111,179.698589,-16.267149
106,48,48,171,111,179.560936,-16.552298
107,,,711,777,179.266505,-16.530503
108,100,100,171,111,178.730328,-16.964231
109,92,96,172,112,178.72781,-16.842535
110,,,711,777,-179.865384,-16.731618
111,,,711,777,178.217056,-17.56632
112,32,32,171,111,179.558526,-16.561269
113,100,100,171,111,178.745304,-16.877628
114,,,555,777,179.794113,-16.553094
115,80,80,171,111,179.344646,-16.626118
116,,,711,777,177.714059,-17.74909
117,100,100,171,111,177.864503,-17.905474
118,68,24,171,111,178.525143,-16.774736
119,24,24,711,111,177.929549,-17.942319
120,100,100,172,112,178.014314,-17.904751
121,,,711,777,179.851013,-16.678028
122,,,711,777,178.628655,-16.801867
123,84,84,555,111,178.429185,-17.8707
124,100,100,172,112,178.092583,-17.783135
125,,,711,777,178.319222,-17.662181
126,,,171,777,179.872544,-16.689379
127,,,711,777,178.804418,-16.667842
128,,,711,777,178.876695,-16.58127
129,100,100,711,111,178.983241,-16.500048
130,100,100,172,112,178.094948,-17.56622
132,64,64,172,112,178.019312,-17.637661
133,68,68,111,111,178.549035,-17.881983
134,100,100,711,111,178.972684,-16.484155
135,,,711,777,177.395789,-17.78497
136,20,32,711,111,177.283144,-17.967114
137,96,96,171,111,177.778492,-17.531926
138,,,712,777,177.956936,-17.925647
139,100,100,172,112,178.042369,-17.810793
140,100,96,171,111,177.444824,-17.698636
141,100,100,172,112,178.164599,-18.02076
142,,,711,777,178.705271,-16.682508
144,,,711,777,177.652752,-18.085255
145,,,171,777,178.344303,-17.802173
146,,,711,777,177.910484,-18.255021
148,92,92,711,111,178.980518,-16.618527
149,32,32,711,111,177.539418,-17.638745
150,,,711,777,177.58877,-17.683073
151,92,92,171,111,179.493825,-16.576958
152,,,711,777,178.512098,-17.799321
153,32,32,171,111,177.840581,-17.512692
154,92,92,555,111,177.782769,-17.671822
155,100,100,172,112,178.084687,-17.551907
156,48,48,171,111,178.967214,-16.58206
157,,,777,777,179.136846,-16.747075
158,32,32,171,111,178.552557,-17.99364
159,,,711,777,177.432205,-18.095365
160,100,100,112,112,177.959106,-17.907742
161,48,52,711,111,178.146423,-17.436058
162,,,711,777,179.351318,-16.481055
163,,,711,777,179.913584,-16.52193
164,,,777,777,178.167426,-17.407468
165,100,100,555,111,179.058902,-16.771178
166,,,711,777,178.160346,-17.758887
167,92,92,171,111,-179.900601,-16.761403
168,,,711,777,178.128908,-18.199906
169,100,100,172,112,178.133153,-17.888642
170,60,60,711,111,179.232008,-16.437913
172,100,100,171,111,178.95196,-16.851097
173,,,711,777,178.077145,-17.709745
174,60,60,711,111,177.762564,-17.776564
175,,,711,777,177.639506,-18.106991
176,100,44,171,111,178.731115,-16.647594
177,100,100,172,112,177.991488,-17.771743
178,,,711,777,177.620804,-18.110306
179,,,711,777,178.356974,-17.529624
180,100,100,171,111,178.755632,-16.898413
181,36,36,711,111,178.599498,-18.109548
182,,,711,777,179.753285,-16.387283
183,,,171,777,178.215507,-18.170911
184,100,100,172,112,178.050803,-17.606587
185,,,711,777,177.657824,-17.692345
187,20,20,171,111,178.314961,-17.968288
188,100,100,172,112,177.820972,-17.985106
189,100,100,171,111,179.453385,-16.578794
190,,,711,777,177.879889,-17.866904
191,28,28,711,111,178.366792,-17.632848
192,,,711,777,178.203366,-17.418912
193,100,68,171,111,178.260075,-18.137279
194,,,171,777,178.732801,-16.957433
195,16,16,711,111,179.703956,-16.654533
196,,,555,777,177.460643,-17.68938
197,,,555,777,178.403931,-17.791181
198,100,100,172,112,177.822621,-17.973982
199,,,171,777,179.871255,-16.546086
200,,,711,777,-179.87711,-16.702002
201,,,777,777,178.039145,-17.742757
203,40,40,711,111,178.817387,-16.641434
205,,,171,777,178.754641,-16.943421
206,,,777,777,178.404738,-18.108626
207,,,172,777,177.970291,-17.618929
208,,,171,777,178.68817,-16.880004
209,,,711,777,-179.876131,-16.813579
210,,,711,777,179.148724,-16.601677
211,92,0,171,171,179.162186,-16.548686
213,,,777,777,179.549839,-16.626951
214,72,72,172,112,178.029741,-17.829839
215,,,171,777,178.125977,-17.828223
216,88,88,171,111,179.364782,-16.709358
217,68,68,171,111,178.276898,-17.795304
218,100,100,172,112,178.03153,-17.647901
219,,,711,777,178.578407,-17.80964
220,100,100,172,112,178.034656,-17.89651
222,,,711,777,177.891942,-17.899114
223,100,100,112,112,177.948192,-17.825642
224,92,96,171,111,177.488669,-17.696905
225,100,100,111,111,178.10111,-17.696598
226,48,48,711,111,179.55908,-16.281889
227,,,711,777,178.02928,-18.237881
229,100,100,171,111,-179.925677,-16.757987
230,,,711,777,179.42407,-16.638755
231,12,0,171,171,178.550356,-16.795152
232,72,72,171,111,179.516911,-16.795086
233,32,32,711,111,179.821996,-16.538902
235,,,171,777,177.496131,-17.939842
236,,,171,777,178.594662,-18.107691
237,,,777,777,178.045032,-17.388353
238,100,100,711,111,179.204991,-16.457713
239,,,711,777,179.771692,-16.359135
240,100,100,172,112,178.055788,-17.685731
241,88,88,171,111,178.902751,-16.856167
242,88,88,172,112,179.493226,-16.530356
243,52,60,711,111,178.105549,-17.728566
244,84,84,711,111,179.369114,-16.373536
245,36,36,711,111,178.524579,-17.836092
246,,,555,777,178.098199,-17.822146
247,84,84,712,112,177.929502,-17.824377
248,84,84,171,111,177.80003,-17.864536
249,40,40,171,111,178.736893,-16.973663
250,,,711,777,179.718521,-16.430545
251,16,16,711,111,179.192703,-16.413935
252,,,711,777,179.971872,-16.984595
253,92,88,171,111,179.794622,-16.607815
254,,,711,777,177.811433,-17.818937
255,100,100,171,111,178.706242,-16.979615
256,100,100,711,111,179.009124,-16.638853
257,80,80,171,111,178.289874,-17.868147
258,96,96,172,112,177.981346,-17.7802
259,100,100,171,111,179.463104,-16.701706
260,92,96,711,111,178.831805,-16.590344
261,28,28,711,111,179.178479,-16.548245
262,100,100,172,112,178.036727,-17.814076
264,68,72,711,111,179.136624,-16.498536
265,100,0,171,171,178.662684,-16.798884
266,100,100,172,112,178.729603,-16.853905
267,100,100,711,111,179.00069,-16.638934
268,40,56,711,111,179.152371,-16.525207
269,100,100,112,112,-179.979236,-16.837875
270,100,100,711,111,-179.919466,-16.794461
273,100,100,112,112,179.252842,-16.587837
275,100,100,112,112,178.03383,-17.802433
276,96,96,711,111,179.556707,-16.315248
277,,,711,777,178.565503,-17.790226
278,,,711,777,179.427613,-16.337097
279,100,100,171,111,178.315988,-18.106542
280,60,60,711,111,179.005771,-16.477877
281,,,712,777,177.886013,-17.788246
283,100,100,171,111,178.208678,-17.453584
284,,,711,777,178.062219,-17.672953
285,100,100,172,112,178.426172,-17.633512
286,,,711,777,177.684748,-17.705539
287,100,100,172,112,177.981348,-17.780471
288,92,84,711,111,178.273055,-17.490326
290,,,712,777,177.72482,-17.750949
291,88,96,555,111,177.800614,-17.677716
292,100,100,711,111,179.574862,-16.394422
293,100,100,171,111,179.796381,-16.670916
294,100,100,172,112,177.864786,-17.846907
295,,,711,777,178.303044,-17.653884
296,16,16,711,111,178.344229,-17.525644
297,100,100,171,111,178.084753,-17.985165
298,100,100,172,112,178.014818,-17.793857
299,100,100,711,111,177.575257,-17.880242
300,76,76,711,111,179.444945,-16.755035
301,100,100,172,112,178.201726,-18.104848
302,28,28,172,112,177.971839,-17.801395
303,12,12,711,111,178.57671,-17.648089
304,64,64,171,111,179.484607,-16.603083
305,100,100,171,111,179.420475,-16.553706
306,100,0,171,171,178.138002,-17.805108
307,100,100,172,112,178.004833,-17.83024
308,100,100,171,111,178.751569,-16.915797
309,12,12,171,111,178.680399,-16.956245
310,44,44,711,111,179.392929,-16.392778
311,100,100,112,112,-179.923162,-16.809413
312,100,52,171,111,178.650883,-16.801148
313,,,172,777,177.970577,-17.61947
314,,,711,777,178.821789,-16.72028
315,,,711,777,178.051427,-18.098406
316,,,711,777,177.658839,-18.044834
317,100,100,171,111,179.368666,-16.61365
318,,,171,777,178.711707,-16.992039
319,80,80,171,111,179.341228,-16.576021
320,100,100,711,111,179.249518,-16.664301
321,,,711,777,179.402099,-16.385086
322,76,76,711,111,178.126433,-17.765592
323,12,12,171,111,177.423606,-18.056881
324,48,48,711,111,179.375473,-16.458017
325,40,44,171,111,179.407398,-16.721603
326,,,711,777,179.955536,-16.98402
327,,,711,777,177.60446,-17.638014
328,100,100,172,112,179.37677,-16.587
329,100,100,112,112,177.567491,-17.66307
330,100,100,171,111,179.62048,-16.757756
331,,,171,777,178.968525,-16.901355
332,,,711,777,179.574206,-16.236995
333,84,84,171,111,177.741225,-17.472144
334,0,28,777,711,178.58872,-16.771816
335,100,100,171,111,177.778166,-17.719562
336,96,92,171,111,177.811835,-17.907599
337,92,92,171,111,178.734591,-16.937629
338,,,777,777,178.139507,-17.368315
339,,,711,777,178.952736,-16.484071
340,,,711,777,177.808505,-18.232162
342,36,36,171,111,178.121295,-17.391464
343,60,60,711,111,178.033735,-17.538351
344,,,711,777,179.665395,-16.731711
345,100,100,112,112,177.740414,-17.758482
346,,,111,777,179.178715,-16.418688
347,,,711,777,179.563342,-16.30758
348,60,60,711,111,179.267584,-16.454335
350,28,28,555,111,178.206037,-17.821239
351,88,88,171,111,178.301643,-17.812492
352,84,84,171,111,178.988297,-16.527377
355,92,80,711,111,179.205322,-16.412448
356,100,100,172,112,178.043743,-17.803736
357,,,711,777,177.920049,-17.80273
358,100,100,112,112,178.001391,-17.872825
359,100,100,711,111,178.001433,-17.523333
360,100,100,171,111,177.782866,-17.889009
361,100,100,711,111,178.505837,-16.753189
363,100,100,171,111,177.900275,-17.866811
364,,,711,777,177.678282,-17.641027
365,100,100,171,111,178.555959,-16.757426
366,100,100,172,112,178.027763,-17.830391
367,100,100,171,111,178.70315,-16.886386
368,28,28,712,112,177.95435,-17.812598
369,76,76,171,111,178.058305,-17.486435
370,52,52,711,111,179.146949,-16.619042
371,,,711,777,178.234057,-18.025481
372,52,52,711,111,179.300476,-16.552084
373,24,60,711,111,179.307264,-16.43737
374,100,100,172,112,179.227438,-16.602746
375,100,84,711,111,177.78723,-17.979552
376,,,711,777,178.353696,-17.696377
377,40,40,711,111,177.443769,-17.844251
378,88,84,171,111,177.436485,-17.642524
379,80,80,171,111,177.433231,-18.051436
380,,,711,777,178.575216,-17.80072
381,72,80,711,111,178.010776,-17.424049
382,80,80,711,111,179.701985,-16.207768
383,100,100,711,111,178.350104,-17.669834
385,100,84,711,111,177.429831,-17.817437
386,100,0,172,172,177.962996,-17.629539
387,80,80,711,111,179.23571,-16.466874
388,100,100,711,111,177.865022,-17.895711
389,28,28,711,111,178.330826,-17.663458
390,,,712,777,177.852192,-17.758571
391,100,100,171,111,178.054183,-18.03766
392,100,100,172,112,178.020802,-17.900379
393,100,64,171,111,178.351263,-17.974003
394,,,711,777,177.870542,-17.982178
395,40,40,711,111,179.50251,-16.312104
396,100,100,172,112,179.301602,-16.599499
397,68,68,777,111,177.784263,-17.624908
398,84,84,711,111,177.429596,-17.954914
400,100,96,171,111,177.425212,-17.659632
401,,,171,777,178.458872,-18.038555
402,72,0,171,171,178.722837,-16.665284
403,100,100,712,112,177.928657,-17.825194
404,100,100,172,112,178.047408,-17.801277
406,80,80,711,111,179.2777,-16.454767
407,60,60,711,111,177.647773,-17.886251
408,100,100,711,111,178.239369,-18.176452
409,100,100,711,111,177.563779,-18.011512
410,,,777,777,179.442435,-16.467816
411,,,171,777,179.600799,-16.529043
412,,,171,777,178.711428,-16.992312
413,12,12,711,111,178.594456,-18.084922
414,,,711,777,178.403652,-17.755398
415,,,711,777,177.859311,-18.235736
416,100,100,111,111,178.486306,-17.862682
417,,,711,777,177.480253,-17.723228
418,64,64,111,111,179.856277,-16.691772
419,100,100,171,111,-179.951423,-16.905993
420,100,0,171,171,178.90245,-16.854273
421,20,20,711,111,179.127047,-16.470445
422,88,88,711,111,177.925176,-18.243021
423,100,100,172,112,179.384916,-16.632163
425,,,711,777,177.596123,-17.68278
426,100,76,555,111,179.507464,-16.653481
427,,,711,777,178.973432,-16.885858
428,,,171,777,178.105044,-17.830512
429,56,100,171,111,178.180626,-17.35208
430,72,72,171,111,177.835744,-17.505391
431,100,100,171,111,177.757788,-17.918662
432,64,64,711,111,178.358345,-17.675199
433,,,711,777,179.154604,-16.447667
435,100,100,172,112,178.051369,-17.606584
436,,,712,777,177.973285,-17.702424
437,100,100,172,112,179.805632,-16.553211
438,100,100,171,111,178.729583,-16.913544
439,,,711,777,177.786257,-17.758304
440,,,171,777,179.52003,-16.796944
441,92,92,172,112,177.820679,-17.982938
442,84,0,172,172,177.856449,-17.997425
443,,,171,777,178.181567,-18.142657
444,80,80,711,111,179.551026,-16.396339
445,24,24,712,112,177.930025,-17.596347
446,88,88,171,111,178.472163,-17.621788
448,100,100,171,111,179.433612,-16.659781
449,80,40,555,111,177.504633,-18.1402
450,100,100,172,112,178.042935,-17.81079
451,24,76,711,111,179.00542,-16.471104
452,,,711,777,179.712271,-16.626246
453,40,40,711,111,178.243513,-17.837542
454,12,0,172,172,177.896206,-17.618195
455,100,100,711,111,179.25494,-16.526563
456,100,100,172,112,178.021089,-17.90092
457,100,100,111,111,177.942581,-18.155363
458,,,711,777,177.549616,-18.104828
459,84,96,711,111,178.320077,-17.468059
460,100,0,171,171,178.139993,-17.806724
461,60,60,711,111,179.621897,-16.75855
462,,,711,777,177.926889,-17.811646
463,100,100,171,111,179.776533,-16.619978
464,100,100,172,112,178.109008,-17.967405
465,96,96,711,111,177.756253,-17.4165
466,36,36,172,112,177.924313,-17.64057
467,56,56,171,111,177.540198,-17.804962
468,,,711,777,179.288844,-16.447057
469,,,711,777,179.699406,-16.367661
470,12,28,711,111,178.368767,-17.855681
471,,,711,777,179.910573,-16.527119
472,,,111,777,178.051402,-17.950916
473,,,711,777,177.659769,-17.913868
474,100,100,172,112,178.423541,-17.622416
475,20,20,172,112,177.975192,-17.688858
476,100,100,711,111,178.698122,-16.701001
477,,,172,777,178.038048,-17.748727
478,100,100,171,111,179.862246,-16.52562
479,64,60,171,111,179.531998,-16.487617
481,12,32,711,111,178.650194,-16.851577
482,28,52,711,111,179.290875,-16.524275
483,96,96,172,112,178.050703,-17.686842
484,,,171,777,177.803296,-17.387574
485,72,72,171,111,179.448863,-16.465302
486,,,711,777,179.362063,-16.671178
487,,,711,777,178.621616,-18.017742
488,,,711,777,178.588571,-17.838835
489,,,711,777,179.245166,-16.434249
490,100,100,172,112,179.42208,-16.659374
491,88,88,111,111,179.496133,-16.646843
492,12,12,711,111,177.53018,-18.147723
493,100,100,171,111,-179.915464,-16.781128
494,100,100,171,111,178.347563,-17.783986
495,100,100,172,112,178.745798,-16.839401
496,100,100,172,112,178.094665,-17.566222
497,100,100,172,112,178.756807,-16.842831
498,100,100,171,111,178.399001,-17.848418
499,,,171,777,179.295218,-16.629923
500,100,100,172,112,178.044871,-17.802917
501,100,100,112,112,177.850781,-17.578808
502,40,36,712,112,177.944662,-17.746488
503,,,171,777,179.968779,-16.859221
504,80,80,711,111,179.613147,-16.465484
505,,,777,777,178.163713,-17.400982
506,76,72,171,111,177.477826,-17.661681
508,60,56,711,111,177.483403,-18.154625
509,48,48,711,111,179.676683,-16.470913
510,20,20,172,112,177.983626,-17.679326
512,,,711,777,179.220505,-16.463512
513,,,711,777,178.973369,-16.523995
514,100,100,172,112,178.059184,-17.637722
515,100,100,171,111,177.803616,-17.843372
516,100,100,171,111,178.73607,-16.853037
518,,,711,777,177.692654,-17.701444
519,100,100,172,112,178.088858,-17.775564
520,,,711,777,178.861356,-16.593877
521,100,100,171,111,177.732693,-17.946144
522,100,100,172,112,178.041768,-17.804831
523,100,100,712,112,177.930762,-17.574652
524,,,711,777,177.43364,-17.635752
525,100,100,112,112,177.73417,-17.753896
526,,,171,777,178.888388,-16.855487
528,32,28,711,111,178.195152,-17.328134
529,100,100,171,111,178.058014,-17.485081
530,56,56,555,111,178.989691,-16.526279
531,,,777,777,177.820658,-17.481051
532,,,171,777,179.356642,-16.641701
533,,,712,777,177.568167,-17.698047
535,100,100,111,111,178.421306,-17.805424
536,28,28,711,111,179.622136,-16.255646
537,,,711,777,179.988881,-16.974324
538,,,777,777,179.073363,-16.520315
541,100,0,171,171,178.661286,-16.79998
543,12,20,171,111,177.725393,-17.822801
545,,,171,777,178.214359,-18.004188
546,,,171,777,178.418284,-17.99494
547,,,711,777,179.956363,-16.982925
548,,,711,777,177.804271,-17.799987
549,52,52,171,111,178.867506,-16.764056
550,24,24,777,111,179.037964,-16.600895
551,,,777,777,179.128023,-16.508381
552,,,711,777,179.177266,-16.565333
553,100,100,172,112,178.020242,-17.901466
554,100,100,172,112,178.756229,-16.841209
555,16,16,712,112,177.8937,-17.79743
556,24,24,171,111,177.305227,-17.957319
557,100,8,171,111,178.671056,-16.886922
558,100,100,111,111,178.898505,-16.797385
559,100,100,172,112,178.42326,-17.622689
560,40,40,172,112,177.895633,-17.61657
561,,,777,777,177.951632,-17.456877
562,20,36,711,111,179.297695,-16.435578
563,100,100,172,112,178.135413,-17.887815
564,32,32,711,111,177.725555,-17.862929
565,100,0,171,171,178.658872,-16.781294
566,,,711,777,178.55127,-16.734417
567,100,100,172,112,178.049109,-17.85007
568,100,100,711,111,177.769479,-17.606257
569,,,171,777,177.999878,-18.107085
570,84,88,171,111,179.493626,-16.561514
571,100,100,172,112,178.042334,-17.804828
572,40,40,711,111,179.79873,-16.7164
574,,,171,777,178.736644,-16.946557
575,44,44,711,111,177.594984,-18.02118
576,,,711,777,177.677676,-17.705564
577,88,100,172,112,178.002734,-17.859804
578,,,711,777,178.296865,-17.856172
579,,,711,777,178.187272,-18.021165
580,92,100,711,111,179.201382,-16.411676
581,96,100,171,111,178.894391,-16.836457
582,100,100,172,112,179.244458,-16.616114
583,100,100,172,112,178.042896,-17.804012
584,,,171,777,177.438285,-17.685364
585,100,100,172,112,178.04631,-17.806976
586,100,100,711,111,179.038349,-16.47702
587,,,712,777,177.959076,-17.743436
588,,,711,777,179.360611,-16.667401
589,,,171,777,179.361763,-16.623756
590,100,100,172,112,178.754284,-16.843937
591,96,52,171,111,178.689186,-16.962407
592,100,100,172,112,178.752055,-16.846396
593,,,711,777,178.818977,-16.660938
594,,,171,777,178.074906,-18.228955
595,,,777,777,179.34029,-16.42806
596,100,100,171,111,179.165058,-16.604489
597,,,711,777,178.653514,-16.877305
598,96,100,171,111,179.649216,-16.26696
599,60,60,711,111,179.558664,-16.314682
600,32,32,171,111,177.880031,-17.953124
601,24,0,172,172,178.004297,-17.68356
603,100,100,712,112,178.035534,-17.852583
605,80,80,171,111,179.919682,-16.922773
606,44,44,711,111,178.252411,-17.610834
607,96,96,711,111,179.605333,-16.25775
608,,,711,777,177.475238,-18.071674
609,100,0,171,171,178.277259,-17.845999
610,88,88,171,111,177.741992,-17.866393
611,100,100,171,111,178.709387,-16.953564
613,,,711,777,178.427312,-17.990266
614,36,36,711,111,-179.997452,-16.806449
615,100,100,711,111,177.535642,-18.078566
616,100,100,171,111,-179.945493,-16.907259
617,,,711,777,178.56903,-17.902154
618,,,711,777,-179.862874,-16.74756
619,32,36,711,111,179.409443,-16.434324
620,100,100,112,112,178.048637,-17.720745
621,52,72,711,111,177.622383,-17.66887
622,72,92,711,111,177.898447,-17.841061
623,,,172,777,178.335321,-17.582637
624,100,100,172,112,178.424916,-17.617526
625,,,711,777,179.585945,-16.298092
626,100,36,171,111,178.824857,-16.598809
627,36,36,711,111,178.150433,-17.624197
628,92,92,711,111,177.768616,-17.802028
629,76,76,171,111,178.524451,-16.793719
630,100,100,172,112,178.043223,-17.811602
631,100,100,172,112,178.047125,-17.801278
632,80,84,711,111,178.358404,-17.493827
633,36,32,711,111,179.502625,-16.605576
634,,,711,777,177.34263,-18.106662
635,,,711,777,178.175388,-17.765846
636,,,711,777,179.909637,-16.520901
637,56,64,777,111,179.477683,-16.323778
638,100,100,171,111,178.744384,-16.900136
639,68,68,171,111,179.724339,-16.303668
640,,,711,777,178.329651,-17.463928
641,52,52,171,111,177.418682,-17.89203
642,,,711,777,178.220198,-17.401729
643,100,100,711,111,179.481009,-16.585512
644,100,100,711,111,178.116807,-18.036224
645,100,100,172,112,178.041808,-17.811609
646,,,777,777,179.030863,-16.513414
647,,,711,777,178.102185,-17.594377
648,100,100,171,111,178.757087,-16.903551
649,88,80,711,111,178.975755,-16.482228
650,100,100,711,111,179.457419,-16.319137
651,100,100,112,112,177.826849,-18.030089
652,100,96,711,111,179.675276,-16.429746
653,,,711,777,178.59666,-17.888918
654,,,171,777,178.533583,-16.809376
655,100,40,172,112,177.820937,-17.977514
656,,,711,777,177.844122,-17.605952
657,,,711,777,178.825393,-16.65546
658,92,60,171,111,178.129697,-17.471943
659,,,777,777,179.00281,-16.599339
661,,,711,777,178.245093,-17.779785
662,,,711,777,178.756323,-16.942593
663,,,711,777,177.558406,-18.105074
664,100,100,711,111,177.915953,-17.832032
665,96,96,171,111,179.77589,-16.614297
666,28,28,711,111,178.819199,-16.654701
667,100,100,171,111,177.895416,-17.857614
668,24,24,172,112,177.95934,-17.633353
669,,,777,777,177.592747,-18.114732
670,100,100,111,111,178.200282,-17.465565
671,,,711,777,179.762462,-16.341375
672,68,68,171,111,179.396639,-16.715766
673,24,36,711,111,178.944636,-16.488754
674,100,60,171,111,178.650878,-16.800606
676,,,711,777,177.603509,-18.027661
677,100,100,171,111,177.302045,-18.085309
678,100,100,171,111,178.173948,-17.587728
679,80,84,711,111,177.571175,-18.020167
680,48,52,711,111,179.276258,-16.451531
681,,,711,777,179.771422,-16.320124
682,88,60,172,112,177.925164,-17.641108
683,100,100,712,112,177.933144,-17.76254
684,,,777,777,177.377241,-17.847916
685,,,711,777,177.837308,-17.661023
686,100,100,171,111,178.764792,-16.853877
688,,,711,777,178.368428,-17.774082
689,100,100,711,111,178.94643,-16.49958
690,,,172,777,177.916809,-17.888424
691,100,100,171,111,178.157586,-18.031647
692,44,44,711,111,178.274029,-17.829754
693,88,88,711,111,179.377685,-16.569916
694,,,711,777,178.329632,-17.461217
695,100,100,172,112,178.014351,-17.86137
696,100,68,171,111,177.725368,-17.816564
697,80,72,172,112,178.032825,-17.873745
699,,,711,777,177.528223,-18.156947
700,,,171,777,179.987696,-16.827794
701,,,711,777,179.569433,-16.301274
702,,,555,777,177.419317,-17.921042
703,64,80,711,111,179.304045,-16.544998
704,,,711,777,-179.873691,-16.825189
705,100,100,555,111,177.980241,-18.246272
706,100,100,172,112,178.015157,-17.903662
707,92,92,711,111,179.044262,-16.611675
708,,,171,777,178.576932,-17.99507
709,84,84,172,112,178.047317,-17.930604
710,72,88,711,111,178.532086,-16.798271
711,100,100,171,111,179.724346,-16.30421
712,88,88,711,111,177.656239,-18.183938
713,48,48,711,111,177.936245,-18.243509
714,,,711,777,179.574413,-16.231302
715,,,711,777,177.528505,-18.156676
716,100,100,171,111,178.111733,-17.813664
717,76,0,171,171,178.301573,-17.646031
718,80,80,171,111,179.382886,-16.672565
719,,,711,777,177.563723,-18.083095
720,100,100,111,111,178.91371,-16.685565
721,100,100,171,111,179.849789,-16.709199
722,100,100,171,111,179.177755,-16.658563
723,100,100,711,111,177.91335,-17.821199
724,88,88,712,112,177.999555,-17.541509
725,,,711,777,179.922155,-16.75397
726,,,171,777,178.782698,-16.932064
727,,,777,777,179.472169,-16.353923
728,72,0,171,171,179.031687,-16.618846
729,92,92,172,112,178.754563,-16.843663
730,100,100,172,112,178.119488,-17.877062
731,64,64,711,111,179.517435,-16.620572
734,,,711,777,178.705646,-16.693078
735,32,32,171,111,178.705419,-16.982061
738,88,96,172,112,178.019352,-17.894422
739,,,171,777,178.121277,-17.846144
740,80,88,172,112,178.427882,-17.635126
741,76,76,711,111,178.976904,-16.484657
742,100,100,172,112,178.052119,-17.687106
744,28,28,712,112,177.667264,-17.720784
745,12,12,172,112,178.037199,-17.748732
746,60,0,171,171,178.55487,-16.796474
747,100,100,172,112,178.728758,-16.853912
748,64,68,171,111,177.456924,-17.672848
749,84,84,171,111,179.841381,-16.710941
750,100,100,171,111,179.92378,-16.933009
751,100,100,172,112,179.256224,-16.588613
752,36,36,171,111,179.397962,-16.436894
753,76,76,171,111,179.182679,-16.671249
754,56,56,171,111,178.221266,-18.14268
756,88,88,711,111,179.238963,-16.432148
758,,,711,777,178.177875,-17.799992
759,,,711,777,179.47145,-16.474792
760,,,711,777,178.554662,-18.104222
761,76,0,171,171,178.328998,-17.684075
763,92,92,172,112,179.391372,-16.586019
765,84,16,171,111,177.840738,-17.485305
766,,,711,777,179.567886,-16.333268
767,96,92,171,111,177.449759,-18.085835
768,,,712,777,177.894656,-17.590545
769,80,96,711,111,179.210522,-16.450066
771,96,96,172,112,178.014542,-17.795214
772,,,711,777,179.830603,-16.532012
773,100,100,711,111,178.628197,-16.681773
775,28,36,711,111,178.307999,-17.674456
776,100,0,172,172,177.855034,-17.997702
777,64,60,711,111,178.321738,-17.463439
778,100,32,711,111,179.874358,-16.202524
779,100,100,712,112,179.998069,-16.896988
781,,,711,777,179.648066,-16.739249
782,36,56,711,111,178.076506,-17.98006
783,76,84,711,111,177.61241,-18.060984
784,100,92,112,112,178.025117,-17.71382
785,96,52,171,111,179.539635,-16.513267
786,80,80,171,111,178.341665,-17.978407
788,,,171,777,177.467661,-17.668213
789,,,711,777,177.483633,-17.611773
790,76,72,711,111,179.007658,-16.578963
791,,,777,777,179.494197,-16.342553
792,92,100,172,112,178.092974,-17.567044
793,100,100,112,112,179.999353,-16.906992
794,100,100,555,111,178.718725,-16.896286
796,,,711,777,177.748148,-17.780958
797,56,40,711,111,177.601791,-18.022515
798,68,28,711,111,178.26221,-17.637612
799,100,100,172,112,178.041772,-17.805374
800,,,711,777,177.544867,-17.569855
801,32,48,555,111,177.847654,-17.514289
802,,,171,777,178.716264,-16.997422
803,52,68,711,111,179.155483,-16.476388
804,,,711,777,178.751994,-16.65528
805,24,24,711,111,179.721088,-16.453542
806,100,100,171,111,179.513604,-16.778868
808,76,76,171,111,179.789756,-16.562635
809,56,56,711,111,178.672139,-16.882033
810,,,711,777,179.819237,-16.522955
811,,,712,777,177.972146,-17.701074
812,88,88,711,111,178.989664,-16.633077
813,,,711,777,179.072171,-16.775381
814,100,100,172,112,178.071821,-17.765898
815,,,711,777,178.559299,-17.727384
816,80,80,171,111,-179.888757,-16.711658
817,92,60,111,111,178.260119,-17.783755
818,100,100,112,112,177.882727,-17.637235
819,92,92,555,111,179.493263,-16.576965
820,100,100,171,111,178.933563,-16.86889
821,,,711,777,177.294864,-17.858362
822,92,100,172,112,178.021626,-17.895765
823,,,555,777,178.064299,-17.881167
824,,,777,777,177.957997,-17.485588
825,40,40,171,111,179.290959,-16.650025
826,,,711,777,177.608292,-18.017614
827,,,777,777,179.372051,-16.476756
828,80,48,171,111,178.022635,-18.071178
829,84,68,777,111,177.485799,-17.681456
830,68,100,171,111,178.819651,-16.879692
831,100,100,711,111,178.982676,-16.499782
832,96,60,171,111,178.493774,-17.602649
833,36,72,711,111,177.904988,-17.790871
834,84,32,711,111,179.535329,-16.31117
835,96,96,172,112,178.048849,-17.805607
836,,,711,777,-179.94127,-16.767428
837,,,711,777,178.33297,-17.492915
838,88,88,172,112,178.046869,-17.805889
839,,,711,777,179.553893,-16.572165
840,,,555,777,178.665388,-16.850641
843,,,712,777,177.880984,-17.743802
844,,,711,777,178.118794,-17.582897
845,88,100,172,112,178.00923,-17.907217
847,20,20,171,111,178.492352,-17.601575
848,76,76,171,111,178.535328,-16.640731
849,32,32,172,112,177.926241,-17.685841
850,92,64,171,111,177.570688,-18.132694
851,28,16,711,111,178.370808,-17.527902
852,,,711,777,178.515261,-17.771646
853,,,711,777,178.558918,-17.781333
854,60,68,712,112,177.971069,-17.552767
856,56,84,711,111,177.535496,-17.746947
857,,,171,777,178.594954,-18.014439
858,72,68,172,112,178.030762,-17.859657
860,96,96,172,112,178.055984,-17.622285
861,92,92,171,111,177.477111,-18.030455
862,100,96,172,112,178.034478,-17.8168
863,100,100,111,111,177.821256,-18.228583
864,80,0,172,172,177.904007,-17.764575
865,,,711,777,177.501131,-17.904851
867,56,96,172,112,178.42241,-17.622424
869,,,711,777,178.537016,-16.640719
870,60,72,171,111,178.467413,-18.04337
871,20,76,711,111,177.875222,-17.838997
872,,,171,777,179.707443,-16.682665
873,80,80,711,111,177.793783,-17.987659
874,,,171,777,178.780801,-16.939942
876,32,32,171,111,179.410964,-16.443791
877,76,96,555,111,179.839402,-16.710155
878,100,100,172,112,178.026346,-17.830128
880,88,88,172,112,178.087283,-17.465672
881,,,171,777,178.480806,-17.984442
882,88,88,711,111,179.040043,-16.477816
883,,,711,777,179.100874,-16.775904
884,56,56,171,111,179.15701,-16.487485
885,,,777,777,179.398125,-16.450171
886,100,60,171,111,178.729526,-16.721073
887,,,711,777,178.116663,-17.832615
888,,,711,777,179.092154,-16.595207
889,100,100,112,112,178.007216,-17.800945
890,,,711,777,177.738494,-17.634846
891,,,711,777,178.100496,-18.056652
892,80,80,171,111,179.796988,-16.557662
893,,,171,777,179.490824,-16.671024
894,76,64,112,112,178.053594,-17.745933
895,36,36,711,111,179.921626,-16.737724
896,88,88,171,111,177.587263,-17.828145
897,40,20,555,111,178.565819,-17.858807
899,,,777,777,178.795967,-16.666289
900,68,68,711,111,179.820156,-16.275046
901,100,100,171,111,177.673843,-17.965337
902,,,711,777,178.524508,-18.091994
904,100,100,555,111,178.852056,-16.824645
905,56,56,171,111,177.736255,-17.917118
906,80,80,171,111,177.378276,-18.068634
907,72,72,171,111,178.230652,-18.146687
908,,,711,777,178.653661,-16.861851
909,,,712,777,177.874613,-17.772029
910,100,100,172,112,178.019066,-17.893881
911,100,100,171,111,179.786549,-16.574057
912,,,171,777,178.594659,-18.10742
913,32,64,711,111,179.248089,-16.468638
914,48,48,171,111,178.048272,-17.948493
915,,,711,777,179.125795,-16.739871
916,76,76,711,111,177.756824,-17.622574
917,,,711,777,177.683139,-17.578916
918,,,711,777,179.546448,-16.47579
919,100,80,171,111,179.356005,-16.681545
920,16,16,171,111,177.458049,-17.670134
921,80,52,111,111,178.501318,-17.99811
922,100,100,172,112,178.057118,-17.622821
923,,,711,777,179.808743,-16.535288
925,,,172,777,178.105043,-17.552878
926,100,100,172,112,178.026628,-17.829855
927,,,711,777,178.073271,-17.676689
928,64,64,111,111,177.652937,-18.058411
929,,,711,777,178.079914,-17.699698
930,100,100,171,111,177.951293,-17.446033
931,16,16,711,111,179.678847,-16.238679
932,,,711,777,179.784822,-16.551593
933,100,100,711,111,178.202382,-17.441151
934,64,64,711,111,179.09903,-16.555294
935,84,28,171,111,177.72229,-17.825523
936,32,36,711,111,178.756812,-16.659306
937,100,100,171,111,179.480574,-16.330519
938,100,100,172,112,177.865068,-17.846635
939,100,88,171,111,179.897708,-16.939611
940,,,777,777,177.888664,-17.92326
941,,,711,777,179.575839,-16.233182
942,100,100,111,111,178.651308,-16.752618
943,100,100,711,111,179.712382,-16.654152
944,,,171,777,-179.914026,-16.713391
945,28,28,711,111,179.709371,-16.438792
947,60,64,172,112,178.081092,-17.469773
948,36,36,711,111,179.504791,-16.446756
949,92,96,112,112,178.039874,-17.721876
950,72,76,555,111,177.707075,-17.481759
951,,,711,777,179.980581,-16.82248
952,100,100,172,112,178.015828,-17.872208
953,100,100,171,111,179.387359,-16.647853
954,,,171,777,179.351803,-16.5675
955,,,171,777,177.438247,-17.669366
956,,,711,777,178.493298,-17.613496
957,,,711,777,177.665072,-18.119377
958,32,32,711,111,178.20073,-17.361178
960,100,100,712,112,178.023713,-17.615677
961,60,72,171,111,177.460558,-17.655757
962,,,711,777,177.602782,-17.643713
963,96,100,711,111,178.978077,-16.489525
964,,,777,777,177.46971,-17.695053
965,,,555,777,178.136571,-17.802677
967,40,40,171,111,178.341209,-17.880271
968,100,100,171,111,179.553262,-16.545618
970,100,100,171,111,178.897062,-16.822066
971,88,88,711,111,179.963549,-16.86661
972,36,36,777,111,177.795627,-17.893024
973,,,711,777,-179.904438,-16.73275
974,20,20,171,111,178.890257,-16.788516
975,,,711,777,178.034569,-17.535907
976,100,100,555,111,179.001453,-16.873389
977,,,711,777,178.324376,-17.670822
978,56,56,172,112,178.019876,-17.637387
979,100,100,711,111,179.164056,-16.438897
980,,,711,777,179.12227,-16.573219
981,,,712,777,177.882287,-17.778773
983,,,711,777,178.489401,-18.063262
984,100,100,172,112,178.748079,-16.842634
986,,,711,777,177.486274,-18.064325
987,56,56,711,111,179.699529,-16.457885
988,100,100,172,112,178.743292,-16.842404
989,88,84,111,111,179.217524,-16.448366
990,80,84,555,111,177.599934,-17.80777
991,,,711,777,178.166422,-17.382801
992,72,72,711,111,179.501062,-16.636758
993,56,56,171,111,177.584531,-17.771753
994,56,52,777,111,177.630797,-17.970634
995,12,24,171,111,178.67518,-16.843784
996,96,60,172,112,177.829772,-17.988593
998,60,36,711,111,178.299045,-17.569323
999,100,100,711,111,179.160973,-16.43947
1000,100,100,171,111,177.378539,-18.058872
1001,72,72,171,111,178.989179,-16.613294
1002,100,100,711,111,179.249388,-16.483802
1004,,,711,777,179.899976,-16.494487
1005,76,76,711,111,179.747229,-16.375712
1006,100,100,112,112,-179.932058,-16.780835
1007,,,711,777,179.883757,-16.574629
1008,,,711,777,179.00965,-16.472689
1009,100,100,172,112,178.110677,-17.456867
1010,100,100,171,111,-179.900886,-16.761137
1011,100,100,171,111,179.948672,-16.941048
1013,44,24,711,111,178.818369,-16.685883
1014,28,28,172,112,177.895631,-17.616299
1015,44,48,711,111,179.245983,-16.432073
1016,100,100,171,111,178.745312,-16.847808
1018,44,40,711,111,178.574947,-17.834608
1019,100,100,172,112,178.016864,-17.905009
1020,,,711,777,178.580702,-17.813146
1021,100,100,111,111,179.871111,-16.517371
1022,,,777,777,178.826048,-16.605847
1024,,,171,777,178.324289,-17.658893
1025,100,100,171,111,177.790959,-17.862133
1026,88,92,711,111,178.069515,-17.519182
1027,16,16,711,111,177.822834,-17.525239
1028,,,711,777,179.839561,-16.529994
1029,,,711,777,-179.868804,-16.814551
1030,,,711,777,177.690037,-17.757039
1031,100,100,112,112,178.021158,-17.763999
1032,,,711,777,178.523324,-17.987366
1033,32,36,171,111,178.873698,-16.591055
1035,88,88,172,112,177.924869,-17.638669
1036,20,20,711,111,178.071834,-17.815514
1037,100,100,171,111,179.615487,-16.514228
1038,,,712,777,177.892854,-17.797976
1039,,,711,777,178.568452,-17.836286
1040,,,711,777,179.95032,-16.992493
1041,100,100,171,111,179.837639,-16.705032
1042,,,711,777,178.534104,-17.989179
1043,100,100,712,112,177.92951,-17.826003
1044,100,100,172,112,178.76933,-16.827272
1045,100,100,172,112,177.967307,-17.748276
1046,,,711,777,178.245078,-17.777616
1047,,,711,777,178.351104,-17.500113
1048,100,100,711,111,179.032549,-16.486563
1049,20,20,171,111,-179.990093,-16.137257
1050,,,171,777,177.502015,-18.017376
1051,100,100,171,111,178.865535,-16.792808
1052,,,711,777,-179.869486,-16.807249
1053,100,100,711,111,179.265035,-16.548949
1054,,,711,777,179.689095,-16.208473
1055,64,64,171,111,178.112464,-17.84023
1056,,,712,777,177.987821,-17.618842
1057,,,171,777,179.553702,-16.578942
1058,96,100,711,111,179.289597,-16.439461
1059,60,48,171,111,177.48704,-18.033684
1061,,,711,777,178.318802,-17.989679
1062,100,100,171,111,-179.953924,-16.907926
1063,20,20,711,111,178.372076,-17.954609
1064,28,20,711,111,179.143235,-16.613659
1065,100,100,171,111,178.111217,-17.730161
1066,,,171,777,177.524571,-18.168888
1067,100,100,172,112,178.042662,-17.812418
1069,100,100,172,112,178.05185,-17.97884
1071,48,48,712,112,178.002072,-17.536616
1072,100,100,111,111,178.32034,-17.621507
1073,80,92,711,111,177.873473,-17.535869
1074,,,711,777,178.148319,-17.423033
1075,36,36,171,111,179.283484,-16.636014
1076,100,100,171,111,177.799309,-17.829833
1077,100,100,172,112,178.045734,-17.805352
1078,24,24,711,111,178.995906,-16.611332
1079,,,777,777,179.556495,-16.768043
1080,,,555,777,178.75238,-16.942627
1081,20,24,171,111,179.652553,-16.472304
1082,84,80,172,112,178.127418,-18.055954
1083,100,92,172,112,178.001726,-17.831611
1085,100,88,711,111,179.210772,-16.447353
1086,100,100,172,112,179.319392,-16.58304
1087,80,80,171,111,178.73885,-16.910755
1088,100,100,555,111,178.768793,-16.860348
1089,12,12,172,112,178.011427,-17.895005
1090,,,711,777,178.145644,-17.492186
1091,,,711,777,179.702833,-16.208299
1092,80,80,171,111,177.44362,-17.669082
1093,,,711,777,177.801907,-17.393003
1094,100,100,171,111,179.797873,-16.56063
1095,,,555,777,178.776468,-16.958413
1096,100,100,111,111,178.016054,-18.011023
1097,76,92,111,111,178.459048,-18.025542
1098,100,100,172,112,178.090298,-17.779623
1100,100,100,172,112,177.820656,-17.978058
1101,68,68,171,111,178.975273,-16.900477
1102,100,100,171,111,179.532009,-16.5746
1103,100,100,171,111,179.951793,-16.906601
1104,100,100,171,111,179.963175,-16.95059
1105,40,40,711,111,178.918539,-16.52044
1106,,,171,777,178.848961,-16.882682
1107,,,711,777,178.573121,-18.044436
1108,100,100,112,112,177.955856,-17.723116
1110,100,100,172,112,178.044023,-17.803193
1111,68,68,111,111,179.818133,-16.659243
1112,32,28,555,111,177.447098,-17.70297
1113,72,72,171,111,177.862879,-17.506902
1114,,,171,777,178.033059,-18.108537
1115,84,80,111,111,179.509443,-16.54615
1116,100,100,172,112,179.334701,-16.617287
1117,,,712,777,177.923909,-17.892458
1118,100,100,172,112,177.987115,-17.799963
1119,52,52,171,111,179.45901,-16.445943
1120,36,20,171,111,177.42295,-17.659908
1121,44,44,171,111,-179.952081,-16.759463
1122,,,171,777,177.486035,-17.664101
1123,,,711,777,179.562496,-16.285642
1124,44,44,171,111,179.14128,-16.56408
1125,100,100,711,111,179.028307,-16.483894
1126,48,48,711,111,178.958066,-16.511128
1127,84,0,171,171,178.901046,-16.854557
1128,,,171,777,178.431576,-18.132013
1129,100,100,172,112,178.140615,-18.080548
1130,72,76,711,111,177.878254,-17.879926
1131,,,711,777,177.754255,-18.219368
1132,36,40,711,111,179.661349,-16.417189
1133,,,777,777,177.750103,-17.569997
1134,,,711,777,178.192882,-18.012726
1135,40,36,711,111,178.259306,-17.585847
1136,16,16,711,111,177.796869,-18.231668
1137,100,36,171,111,178.65551,-16.782947
1140,100,100,111,111,178.126411,-17.442951
1141,100,100,171,111,179.551229,-16.454867
1142,100,100,172,112,179.245308,-16.616647
1144,,,711,777,178.194464,-17.56944
1145,28,32,172,112,178.03274,-17.612105
1146,,,777,777,177.785504,-18.22819
1147,88,92,171,111,178.092529,-17.867184
1148,32,0,711,171,178.772066,-16.666766
1149,100,100,172,112,178.007831,-17.809618
1150,100,100,172,112,178.037012,-17.814346
1151,100,100,172,112,178.048543,-17.850073
1152,84,0,171,171,178.986816,-16.602203
1153,100,100,111,111,177.838227,-17.858411
1154,,,711,777,179.132001,-16.563633
1155,100,100,171,111,179.849173,-16.264363
1156,,,711,777,177.828292,-17.975043
1157,100,100,112,112,179.993755,-16.873214
1159,,,171,777,178.883943,-16.632708
1160,88,100,171,111,179.230447,-16.692693
1161,100,100,711,111,177.361874,-18.088189
1162,84,72,711,111,177.644835,-17.856705
1163,100,100,111,111,177.722859,-18.035658
1164,,,712,777,178.00089,-17.527403
1166,56,56,172,112,177.821523,-17.981579
1168,88,92,171,111,178.631036,-16.81703
1169,100,100,111,111,177.780709,-17.784085
1170,92,92,171,111,178.134312,-17.803503
1171,,,777,777,177.80712,-17.550521
1172,84,96,711,111,178.552686,-16.735491
1173,68,80,171,111,178.258546,-17.598595
1174,96,96,171,111,178.992864,-16.616241
1175,,,711,777,178.673583,-16.918077
1176,56,0,171,171,178.647015,-16.744248
1177,24,24,711,111,178.244903,-17.629046
1178,88,72,711,111,179.167921,-16.684143
1179,100,100,171,111,178.987635,-16.871084
1180,100,100,172,112,178.764349,-16.836531
1181,100,100,711,111,179.357815,-16.43762
1182,,,711,777,178.075736,-17.663119
1183,60,60,711,111,179.135735,-16.442982
1184,,,711,777,178.063288,-18.043575
1185,100,100,112,112,177.967866,-17.851846
1186,100,100,172,112,178.02596,-17.762619
1187,,,711,777,178.338836,-17.827965
1188,100,100,172,112,178.047121,-17.800465
1189,100,100,711,111,177.616303,-18.03928
1190,,,711,777,177.869667,-17.919008
1191,60,72,711,111,178.838268,-16.590016
1192,28,28,711,111,177.909014,-17.859178
1193,,,712,777,177.951889,-17.722051
1194,100,100,171,111,-179.966317,-16.801387
1195,80,80,171,111,177.863376,-17.906835
1196,80,96,711,111,178.607413,-16.68546
1197,80,80,711,111,178.621966,-18.05596
1198,,,711,777,179.274195,-16.491393
1199,,,711,777,179.95445,-16.896539
1200,84,84,711,111,179.218935,-16.42423
1201,68,92,711,111,177.861841,-17.526429
1202,100,100,555,111,-179.888198,-16.763383
1203,80,80,712,112,178.103554,-18.001597
1204,64,64,172,112,177.98711,-17.79915
1205,24,24,712,112,177.949951,-17.783608
1206,20,12,777,111,178.312695,-17.814316
1208,92,92,172,112,177.967306,-17.748005
1209,64,64,711,111,179.787299,-16.684314
1210,100,100,171,111,177.596079,-17.84032
1211,,,711,777,177.862334,-17.689928
1212,,,171,777,178.302972,-17.878362
1213,100,88,711,111,177.794638,-17.797857
1214,,,711,777,177.788355,-17.785139
1215,16,16,711,111,178.133087,-17.653579
1216,100,100,171,111,179.842176,-16.707679
1217,100,100,112,112,-179.991264,-16.842115
1218,,,711,777,177.925278,-17.828735
1219,100,100,111,111,178.36346,-17.678417
1220,80,100,711,111,177.570557,-17.558665
1221,,,711,777,179.468618,-16.472929
1222,100,100,172,112,178.183145,-17.869366
1223,100,100,711,111,178.519639,-16.71947
1224,,,711,777,177.861643,-17.899793
1225,56,56,171,111,179.730194,-16.341524
1226,40,40,172,112,177.822344,-17.975339
1227,100,100,711,111,177.809102,-17.487606
1228,100,100,172,112,178.05581,-17.640994
1229,,,777,777,179.461266,-16.312589
1230,100,100,171,111,177.977936,-18.240048
1231,100,100,172,112,178.035781,-17.895148
1232,100,100,712,112,179.981963,-16.910497
1233,,,171,777,179.923792,-16.970121
1234,100,100,172,112,178.088856,-17.775293
1236,100,100,172,112,178.038327,-17.796987
1237,72,72,711,111,177.8647,-18.235441
1238,100,100,171,111,179.230032,-16.656923
1239,,,171,777,178.408522,-17.942962
1240,100,100,172,112,177.941948,-17.876375
1241,84,64,171,111,177.851337,-17.516442
1242,100,100,172,112,178.120655,-17.882478
1243,,,711,777,179.064936,-16.467543
1244,,,711,777,178.243669,-17.778438
1246,100,100,172,112,178.027879,-17.899799
1247,100,100,171,111,177.415833,-18.126583
1248,,,711,777,177.926346,-17.816257
1249,80,80,711,111,177.916962,-17.807896
1250,80,80,711,111,178.746578,-16.647193
1251,100,100,171,111,179.282819,-16.627349
1252,52,92,711,111,178.425405,-17.571706
1253,92,92,711,111,179.61292,-16.258741
1254,100,100,171,111,178.180624,-17.351808
1255,100,100,711,111,179.412499,-16.477106
1256,100,100,172,112,178.052514,-17.803147
1257,88,56,111,111,178.447943,-17.774595
1258,100,60,171,111,177.725088,-17.817379
1259,96,100,171,111,177.85191,-17.518067
1260,100,100,711,111,177.789892,-17.422878
1261,100,100,111,111,178.229489,-17.397605
1262,100,100,172,112,178.031446,-17.830914
1263,,,711,777,178.221693,-17.583372
1264,,,711,777,178.730052,-16.685827
1265,40,40,172,112,177.821783,-17.976697
1266,68,68,172,112,179.49885,-16.530831
1268,,,112,777,177.651863,-17.765033
1269,100,100,172,112,178.030404,-17.64872
1270,100,100,172,112,178.72903,-16.852826
1271,88,88,711,111,179.228611,-16.43551
1272,76,80,171,111,178.018684,-18.074181
1273,,,711,777,177.749832,-17.845213
1274,,,711,777,177.829468,-17.554496
1275,100,100,171,111,179.188677,-16.629989
1276,100,100,111,111,178.311022,-18.010335
1278,44,60,711,111,178.308204,-17.858265
1279,100,100,711,111,179.159736,-16.530552
1280,100,100,172,112,178.027769,-17.831476
1283,,,711,777,178.591886,-17.956726
1284,,,711,777,179.744614,-16.429392
1285,100,100,111,111,178.499433,-17.739779
1286,68,84,171,111,177.472162,-17.658983
1287,100,100,172,112,178.036726,-17.813805
1288,56,56,711,111,179.525218,-16.310479
1289,100,100,711,111,179.390449,-16.373565
1290,,,711,777,179.94279,-16.185061
1291,100,100,712,112,178.011122,-17.891211
1292,52,60,171,111,177.473572,-17.657081
1293,28,48,711,111,178.561131,-17.808153
1294,100,100,172,112,178.747865,-16.849955
1295,100,100,171,111,-179.945396,-16.755571
1296,92,92,171,111,177.437433,-17.683739
1297,100,100,711,111,179.804663,-16.349216
1298,100,0,171,171,178.675972,-16.965227
1299,92,92,711,111,177.43653,-17.778376
1300,,,711,777,177.809371,-17.801051
1301,48,48,172,112,178.030029,-17.830651
1302,,,171,777,177.702853,-17.849998
1303,100,100,712,112,178.052104,-17.587059
1304,100,100,711,111,179.199013,-16.525263
1305,12,12,711,111,178.961257,-16.604344
1306,100,100,111,111,177.890676,-18.154255
1307,60,80,711,111,177.735454,-17.860181
1308,100,100,111,111,178.409444,-17.987685
1309,100,92,171,111,177.709324,-17.982293
1310,,,711,777,178.162914,-17.63036
1311,56,0,172,172,177.973501,-17.689951
1312,16,16,711,111,177.460056,-18.120246
1313,100,100,172,112,178.757091,-16.8431
1314,100,100,171,111,179.949592,-16.945911
1315,68,68,711,111,179.353528,-16.454742
1316,92,92,112,112,178.105013,-18.008367
1317,100,100,111,111,178.380197,-17.759089
1318,28,36,171,111,179.29756,-16.637756
1319,40,40,172,112,177.927963,-17.635401
1320,56,56,171,111,177.620419,-18.162095
1321,,,777,777,179.444762,-16.4518
1322,56,56,711,111,178.276009,-17.508743
1323,88,88,711,111,179.779824,-16.575231
1324,100,100,172,112,178.131298,-17.908715
1325,64,64,711,111,177.851499,-17.969791
1326,,,711,777,-179.885893,-16.870065
1327,92,100,711,111,177.805995,-17.868579
1328,,,777,777,177.545589,-17.622187
1329,80,88,171,111,178.515446,-17.860561
1330,,,711,777,179.910488,-16.521431
1331,100,100,711,111,178.138039,-17.766338
1332,20,20,711,111,179.065535,-16.629354
1333,100,100,171,111,179.716745,-16.68444
1335,48,48,711,111,179.177496,-16.46044
1336,100,100,171,111,178.992859,-16.615699
1337,100,100,711,111,179.099465,-16.595404
1338,52,52,171,111,177.811829,-17.401368
1339,24,24,711,111,177.891449,-17.800151
1340,40,40,555,111,178.748917,-16.964072
1341,,,711,777,178.288594,-18.00425
1342,52,52,711,111,179.778532,-16.680639
1343,,,171,777,178.181242,-18.220738
1344,52,100,711,111,179.102479,-16.484517
1345,100,100,711,111,177.771207,-17.613571
1346,68,64,171,111,179.011943,-16.85377
1347,100,100,711,111,179.10699,-16.460077
1348,92,20,171,111,178.390192,-17.660879
1349,80,76,711,111,177.36304,-17.965896
1351,100,100,112,112,177.995559,-17.994591
1352,,,711,777,179.906463,-16.515256
1353,100,100,172,112,178.045184,-17.808067
1354,52,0,171,171,178.378066,-17.886792
1355,100,100,172,112,178.020208,-17.895502
1356,,,711,777,178.235077,-17.63941
1357,,,711,777,179.91517,-16.940446
1358,100,100,171,111,178.745816,-16.994189
1359,,,711,777,178.335594,-17.962183
1360,100,100,171,111,177.782585,-17.889552
1361,100,100,172,112,178.04675,-17.930607
1362,100,100,171,111,179.021716,-16.686707
1363,72,72,112,112,177.972956,-17.74635
1364,100,100,112,112,179.811525,-16.55286
1365,,,171,777,178.298849,-17.85643
1366,48,0,171,171,177.466951,-17.83091
1367,92,92,711,111,179.015905,-16.479948
1369,,,171,777,177.5822,-17.838193
1370,,,711,777,179.770392,-16.366468
1372,36,32,171,111,177.63132,-17.636302
1373,,,711,777,179.389776,-16.479264
1374,,,711,777,177.61907,-18.101092
1375,100,100,172,112,178.008374,-17.906137
1376,,,711,777,178.271539,-17.837903
1377,76,72,112,112,177.598512,-17.890476
1378,,,172,777,178.095026,-17.626139
1379,,,711,777,177.882215,-17.879094
1380,100,100,711,111,178.750107,-16.695146
1381,,,171,777,179.578145,-16.788366
1382,36,16,711,111,178.584483,-16.667743
1383,,,711,777,-179.958254,-16.130033
1384,64,68,711,111,177.585247,-18.161392
1385,,,711,777,178.151057,-17.633412
1386,100,100,172,112,178.023631,-17.899822
1388,40,40,171,111,179.015211,-16.602472
1389,,,171,777,178.51305,-18.044916
1390,88,88,172,112,178.020288,-17.859984
1391,68,68,171,111,178.696572,-16.969394
1392,76,88,711,111,177.78678,-17.813073
1394,,,711,777,178.241444,-17.578098
1395,40,40,111,111,179.610213,-16.767911
1396,100,100,172,112,178.729595,-16.853092
1397,,,711,777,179.572478,-16.233494
1398,100,100,172,112,178.041484,-17.804562
1400,,,711,777,179.152035,-16.469377
1401,64,60,171,111,177.770373,-17.74969
1403,88,40,171,111,179.548032,-16.532404
1404,52,52,711,111,177.571613,-17.624554
1405,92,92,711,111,179.674113,-16.241177
1406,100,100,171,111,177.757342,-18.145607
1407,100,96,171,111,178.752305,-16.964857
1409,84,80,711,111,178.179397,-17.81625
1410,100,100,171,111,178.734265,-16.871216
1411,44,0,555,171,178.880621,-16.609155
1412,100,100,112,112,-179.964259,-16.877472
1413,84,84,171,111,177.693582,-17.499974
1414,96,96,711,111,179.678873,-16.240575
1415,,,711,777,179.177771,-16.459895
1416,48,12,711,111,178.697414,-16.716459
1417,100,100,172,112,178.092295,-17.782323
1418,44,44,172,112,178.048821,-17.849258
1419,40,40,711,111,179.490106,-16.374036
1420,12,16,711,111,178.587827,-16.663922
1422,16,16,711,111,178.182138,-17.629974
1423,96,16,172,112,177.821503,-17.977241
1425,,,711,777,178.281016,-17.817237
1426,48,48,712,112,177.59631,-17.653494
1427,72,72,171,111,177.734758,-17.480031
1428,92,64,711,111,179.208717,-16.439515
1429,52,52,171,111,179.368809,-16.716629
1430,,,711,777,177.938442,-17.529064
1431,,,711,777,179.262427,-16.662263
1432,,,711,777,178.150722,-18.238816
1433,,,711,777,179.161915,-16.599914
1434,100,100,171,111,177.809586,-17.405174
1435,100,88,171,111,177.530861,-18.091323
1436,100,100,171,111,177.811765,-17.892144
1437,100,96,172,112,178.163188,-18.021582
1438,100,100,172,112,178.750929,-16.846405
1439,,,711,777,179.627588,-16.285927
1440,100,0,171,171,178.74294,-16.680297
1441,,,111,777,178.28702,-17.864913
1442,,,711,777,179.572772,-16.277659
1443,100,100,712,112,178.132847,-17.433153
1444,,,171,777,177.671582,-17.966972
1445,,,171,777,-179.928824,-16.719571
1446,,,171,777,177.518231,-17.941411
1447,96,96,111,111,179.54879,-16.483078
1448,60,60,711,111,178.276792,-17.660563
1449,,,712,777,178.023147,-17.61568
1450,64,64,712,112,177.929626,-17.573573
1451,88,88,711,111,179.735337,-16.388331
1453,36,12,171,111,177.4782,-17.908433
1458,80,76,171,111,178.364387,-17.800949
1459,,,711,777,179.365739,-16.558128
1460,100,100,172,112,178.046314,-17.807789
1461,68,100,172,112,178.1095,-17.44901
1462,64,64,171,111,178.904371,-16.594301
1464,,,712,777,177.846946,-17.846172
1465,60,56,172,112,178.108344,-17.444679
1467,84,84,555,111,178.139413,-18.026061
1468,92,76,172,112,178.051831,-17.686294
1469,60,60,711,111,177.88185,-17.68957
1471,72,68,711,111,177.858159,-17.881913
1472,88,92,171,111,177.447547,-17.655515
1474,88,84,711,111,179.623024,-16.259158
1476,,,711,777,177.342063,-18.106663
1478,96,92,711,111,177.825788,-17.984814
1479,100,100,111,111,179.191595,-16.664108
1480,36,40,555,111,177.715278,-17.983084
1481,80,80,171,111,179.186602,-16.694787
1482,52,48,112,112,177.58248,-17.662484
1483,72,72,171,111,179.430036,-16.666056
1484,72,72,172,112,177.820959,-17.982123
1485,44,44,112,112,177.739029,-17.765809
1486,24,24,711,111,177.812499,-18.237025
1487,100,100,112,112,-179.988433,-16.861034
1488,32,36,711,111,179.737604,-16.409976
1489,64,64,112,112,177.660619,-17.760394
1490,32,32,711,111,177.755921,-17.609563
1491,36,40,711,111,179.262339,-16.534614
1492,100,100,172,112,178.004457,-17.712299
1493,96,96,171,111,179.561199,-16.55094
1494,36,40,711,111,178.900381,-16.617378
1495,100,100,171,111,179.172146,-16.709575
1496,20,20,171,111,179.993039,-16.809838
1497,92,64,171,111,177.740379,-17.818677
1498,40,40,711,111,179.212556,-16.431344
1499,100,100,172,112,-179.989934,-16.890582
1500,,,711,777,178.423966,-17.783988
1501,100,100,111,111,177.818947,-17.790707
1502,,,711,777,179.800203,-16.682514
1503,12,12,171,111,178.527133,-16.777161
1504,100,100,172,112,179.227719,-16.602743
1505,12,12,711,111,178.330603,-17.478291
1506,64,64,711,111,177.627836,-17.772975
1508,100,100,171,111,177.376116,-18.119073
1509,100,100,711,111,179.366718,-16.683862
1511,,,711,777,177.657048,-17.477592
1512,92,92,711,111,177.816556,-17.448258
1513,,,171,777,177.707025,-17.974167
1514,,,711,777,178.462161,-17.608579
1515,100,100,172,112,177.974916,-17.690215
1516,,,777,777,177.303402,-17.883838
1517,100,100,172,112,178.003206,-17.842991
1518,16,16,711,111,177.784005,-17.890631
1519,,,711,777,179.34946,-16.490019
1520,,,777,777,177.838756,-17.4845
1521,,,777,777,177.646643,-18.120253
1522,100,100,711,111,178.112269,-18.215186
1523,,,711,777,178.617543,-16.78596
1524,60,64,171,111,178.689737,-16.961047
1525,100,100,112,112,178.018262,-17.802244
1526,100,100,172,112,178.107873,-17.967141
1527,100,100,172,112,178.770167,-16.826451
1528,,,171,777,178.769978,-16.927024
1531,32,36,171,111,177.705215,-18.017556
1532,100,100,112,112,-179.982439,-16.848757
1533,100,100,172,112,178.055791,-17.686273
1534,,,171,777,178.331316,-17.537389
1535,60,60,711,111,178.013504,-17.457656
1536,100,100,712,112,178.082949,-17.449428
1537,84,84,171,111,178.315986,-18.106271
1538,,,711,777,178.476891,-17.612264
1539,76,76,711,111,179.169663,-16.438026
1540,20,20,711,111,177.453113,-17.956216
1541,100,100,555,111,-179.898014,-16.764885
1543,,,777,777,179.486985,-16.371363
1544,,,711,777,178.067457,-18.029996
1545,,,711,777,179.346126,-16.469731
1546,20,20,711,111,179.279447,-16.531989
1547,76,76,172,112,178.002571,-17.830794
1548,60,60,171,111,178.873984,-16.591595
1549,100,100,172,112,178.771045,-16.860329
1550,100,100,171,111,178.682623,-16.952973
1551,16,0,171,171,178.465957,-17.623461
1552,,,711,777,177.260356,-17.884171
1553,100,100,172,112,178.751778,-16.84694
1555,100,100,555,111,178.217539,-17.805985
1556,,,711,777,179.418193,-16.707927
1558,100,100,172,112,178.017528,-17.87247
1559,100,100,171,111,178.148734,-17.6684
1560,24,24,711,111,178.755684,-16.659044
1561,100,100,712,112,178.035525,-17.850956
1562,100,100,172,112,179.211234,-16.611321
1564,32,32,171,111,178.578023,-17.926478
1565,,,711,777,177.862069,-17.454845
1566,100,0,171,171,178.420057,-17.862092
1567,100,100,172,112,177.990778,-17.745718
1568,100,100,112,112,177.821487,-18.034993
1569,32,32,172,112,178.038537,-17.833317
1570,48,0,171,171,178.336954,-17.535453
1571,96,96,172,112,177.991771,-17.771742
1573,,,711,777,179.071298,-16.589995
1574,,,711,777,179.258824,-16.666638
1575,,,171,777,177.435746,-17.688081
1577,76,76,111,111,178.388257,-17.850121
1578,68,68,711,111,179.361046,-16.472544
1579,100,100,172,112,178.083187,-17.773698
1580,,,711,777,179.92306,-16.758021
1581,100,100,172,112,179.349751,-16.606819
1582,100,20,172,112,177.984222,-17.632959
1583,,,711,777,178.570089,-17.796966
1584,100,100,172,112,178.042375,-17.811877
1585,,,711,777,178.812932,-16.735538
1586,,,711,777,177.722454,-17.583657
1587,,,777,777,177.51065,-18.063178
1588,,,711,777,179.459741,-16.702559
1589,,,711,777,177.72739,-17.965686
1590,,,171,777,177.781548,-17.716566
1591,36,36,711,111,179.598103,-16.283852
1592,36,0,172,172,177.924594,-17.640297
1593,,,711,777,179.581068,-16.375378
1595,,,171,777,177.709884,-17.980393
1596,48,48,171,111,179.845204,-16.608212
1597,,,171,777,178.273357,-17.8547
1598,44,48,171,111,178.569541,-18.024135
1599,36,36,171,111,178.830705,-16.65216
1601,72,72,171,111,178.219976,-17.831455
1602,96,96,171,111,178.054354,-17.779007
1603,100,100,171,111,178.786665,-16.874832
1604,100,32,171,111,178.738881,-16.666776
1605,36,36,712,112,178.05091,-17.722359
1606,,,711,777,179.518212,-16.594007
1607,,,711,777,178.243498,-18.158804
1608,100,0,171,171,178.896697,-16.841857
1609,,,171,777,178.547342,-16.735802
1610,56,56,711,111,177.906876,-17.828279
1611,96,96,711,111,177.894598,-17.863854
1612,100,100,112,112,177.625348,-17.708449
1613,100,100,711,111,179.017394,-16.488065
1615,100,100,172,112,178.082624,-17.774243
1616,,,711,777,177.953939,-17.788469
1617,,,171,777,178.041804,-18.244591
1618,52,68,171,111,177.871047,-17.501172
1619,100,100,172,112,178.04828,-17.805068
1620,100,0,171,171,178.902437,-16.852918
1621,72,0,171,171,177.536801,-17.804971
1623,,,711,777,179.350218,-16.482964
1624,24,24,711,111,177.861679,-17.551918
1625,,,711,777,179.440716,-16.754272
1626,36,36,171,111,179.849415,-16.68401
1627,60,60,711,111,178.531806,-18.051003
1628,100,100,711,111,178.993412,-16.777514
1629,,,171,777,178.914734,-16.844129
1630,60,60,711,111,178.769807,-16.665701
1631,,,711,777,177.935668,-17.53911
1632,56,56,711,111,179.756595,-16.5815
1634,,,711,777,178.226119,-17.610999
1635,100,100,711,111,178.342819,-17.640875
1636,,,171,777,-179.940082,-16.736261
1637,,,711,777,178.324112,-17.479148
1638,48,48,711,111,179.62933,-16.248241
1639,100,100,555,111,177.918777,-17.940744
1641,,,711,777,177.974023,-18.250641
1642,44,48,171,111,177.448184,-17.684257
1643,56,32,171,111,178.728349,-16.71539
1644,100,100,171,111,179.691541,-16.691272
1645,92,0,171,171,178.505936,-17.974761
1646,,,711,777,178.161148,-17.619525
1647,100,100,111,111,177.866327,-18.047269
1648,100,100,555,111,179.211399,-16.674739
1649,100,100,172,112,178.108725,-17.967407
1650,100,100,171,111,178.760876,-16.917344
1651,,,777,777,179.316231,-16.717496
1652,,,711,777,179.613466,-16.278786
1653,28,28,711,111,177.745856,-18.179002
1654,100,100,777,111,178.255211,-17.931271
1655,28,32,711,111,177.531525,-17.647714
1656,,,711,777,179.811457,-16.683174
1657,52,52,171,111,177.701289,-17.956563
1658,20,20,711,111,179.061339,-16.499292
1659,64,32,171,111,177.397281,-18.073748
1660,100,100,172,112,178.054967,-17.446596
1661,,,712,777,178.086805,-17.575212
1662,,,711,777,-179.901604,-16.699391
1663,,,711,777,179.847622,-16.638792
1664,,,711,777,179.400505,-16.55204
1665,92,100,711,111,177.8682,-17.437194
1666,100,100,171,111,179.335619,-16.669852
1667,,,171,777,179.225446,-16.649383
1670,100,100,711,111,179.418694,-16.410369
1671,,,711,777,178.637473,-18.016795
1672,,,711,777,178.055339,-18.088896
1673,100,0,172,172,177.882497,-17.763859
1674,100,100,112,112,177.860082,-17.632726
1675,,,171,777,-179.938365,-16.738131
1676,,,171,777,179.846252,-16.526652
1677,100,100,172,112,178.017244,-17.8722
1678,100,100,112,112,178.06366,-17.916417
1679,76,80,711,111,178.666642,-16.703968
1680,,,711,777,179.672877,-16.683385
1681,,,711,777,177.66095,-18.07872
1682,72,72,711,111,177.485395,-17.636444
1684,,,555,777,179.920994,-16.989394
1685,,,171,777,178.923495,-16.87549
1686,,,711,777,177.698984,-17.508632
1687,,,711,777,178.230373,-18.187896
1688,28,28,171,111,177.640084,-17.794899
1689,,,171,777,178.184025,-18.212858
1690,,,711,777,179.238147,-16.556557
1691,100,100,172,112,178.034087,-17.895971
1692,84,84,711,111,179.605233,-16.292706
1693,20,20,711,111,179.143863,-16.568932
1694,100,100,112,112,177.972747,-17.916351
1695,100,100,172,112,178.148416,-17.840293
1696,,,711,777,179.692337,-16.220083
1698,48,28,171,111,178.537187,-16.767598
1699,24,24,111,111,179.715875,-16.300255
1700,,,171,777,178.638392,-16.854112
1701,92,92,171,111,178.112455,-17.838875
1702,100,100,711,111,179.840863,-16.713928
1703,96,96,711,111,178.745054,-16.634194
1704,,,171,777,178.396786,-17.67249
1706,36,36,711,111,179.553975,-16.299294
1707,100,100,171,111,179.843887,-16.709281
1708,100,100,711,111,179.454874,-16.317541
1709,,,711,777,177.751574,-17.720208
1710,16,16,171,111,177.651115,-17.948333
1711,,,711,777,-179.985572,-16.793002
1712,,,711,777,177.467962,-17.784269
1713,68,68,171,111,177.377427,-17.80209
1715,,,711,777,179.383579,-16.546543
1717,,,711,777,179.988547,-16.151916
1718,,,171,777,177.465642,-17.653033
1719,100,28,171,111,179.550048,-16.536173
1720,84,88,711,111,178.028991,-17.448629
1721,,,171,777,177.69611,-17.863579
1722,16,16,171,111,178.538328,-16.769487
1723,,,777,777,179.572885,-16.243244
1724,,,711,777,178.373758,-17.693798
1725,,,711,777,178.523368,-16.728389
1726,100,100,172,112,178.016861,-17.904466
1727,56,56,712,112,177.881844,-17.746238
1729,100,100,112,112,178.009279,-17.664013
1730,,,555,777,179.464572,-16.706566
1731,100,100,171,111,179.408568,-16.747604
1732,,,171,777,178.347252,-17.968066
1733,,,711,777,177.685758,-18.188445
1734,,,172,777,178.095799,-17.566758
1735,100,100,172,112,-179.925806,-16.802411
1736,100,100,172,112,179.421803,-16.659648
1737,,,555,777,178.415096,-18.021531
1738,100,100,112,112,179.989536,-16.873276
1739,100,100,112,112,177.925112,-17.575492
1740,,,711,777,178.827857,-16.64839
1741,12,12,711,111,177.470384,-18.058671
1742,,,171,777,178.907778,-16.880245
1743,,,711,777,179.352346,-16.473184
1745,100,100,172,112,178.045445,-17.804269
1746,68,68,171,111,177.452958,-17.670688
1747,96,96,711,111,177.933618,-17.799412
1748,100,100,172,112,178.044616,-17.807799
1749,,,171,777,178.993538,-16.870213
1750,28,28,711,111,179.625351,-16.286496
1751,,,171,777,179.894733,-16.947509
1752,60,60,711,111,178.781743,-16.709514
1753,12,12,171,111,178.271732,-18.14154
1754,100,100,172,112,178.045171,-17.805898
1755,100,100,172,112,178.038922,-17.850938
1757,100,100,171,111,178.078881,-17.951308
1758,28,28,171,111,178.870335,-16.794391
1759,,,711,777,178.298951,-17.516457
1760,,,711,777,177.924341,-17.534824
1761,92,92,711,111,178.349437,-17.50392
1762,,,711,777,179.674515,-16.476631
1763,,,171,777,179.590128,-16.466041
1764,,,711,777,178.550727,-16.736861
1765,80,88,711,111,178.008906,-17.443581
1766,36,36,711,111,178.549698,-17.990681
1767,100,100,172,112,178.135132,-17.888088
1768,16,16,171,111,177.437724,-17.687263
1769,,,712,777,177.597731,-17.655659
1770,68,68,711,111,178.570896,-17.792081
1771,100,88,171,111,178.814507,-16.604321
1772,32,32,712,112,177.866605,-17.577384
1773,100,100,112,112,179.987099,-16.915027
1774,56,64,172,112,178.018792,-17.895509
1775,,,777,777,177.394768,-17.835408
1776,56,56,171,111,177.274869,-17.929435
1777,44,52,711,111,177.95186,-17.823455
1778,40,40,172,112,178.037484,-17.749002
1779,100,64,171,111,177.857006,-18.228697
1781,,,711,777,178.879443,-16.574739
1783,64,64,171,111,178.711394,-16.988517
1784,72,72,172,112,178.030314,-17.83092
1785,72,72,711,111,179.635605,-16.256021
1786,,,711,777,177.589795,-17.650531
1787,,,711,777,177.716803,-17.798429
1788,,,171,777,178.739109,-16.938946
1789,,,555,777,178.303721,-17.825763
1790,52,52,171,111,177.593582,-17.510873
1791,100,100,171,111,179.657555,-16.447855
1792,,,172,777,177.92571,-17.63731
1793,,,171,777,177.479382,-18.031805
1794,100,100,172,112,178.181985,-17.431783
1795,100,100,172,112,178.759032,-16.83983
1796,,,711,777,177.82792,-17.895059
1797,12,12,711,111,178.131504,-18.206669
1798,,,171,777,178.09719,-17.796123
1799,,,711,777,178.209432,-17.652312
1800,68,68,172,112,178.003422,-17.83106
1801,100,100,712,112,178.042912,-17.561621
1802,64,0,172,172,177.974912,-17.689402
1803,52,80,172,112,178.143047,-17.438246
1804,,,171,777,178.773261,-16.916694
1805,60,60,171,111,-179.986021,-16.81793
1806,84,100,172,112,178.036066,-17.895418
1807,100,100,111,111,178.023202,-18.022101
1808,16,60,711,111,178.389697,-17.559219
1809,72,72,711,111,178.848193,-16.628421
1810,,,711,777,177.672236,-17.764151
1811,56,56,711,111,179.448673,-16.382923
1813,,,711,777,179.383818,-16.451419
1814,96,96,711,111,179.427961,-16.702122
1815,,,711,777,178.07267,-17.718446
1816,,,171,777,178.348689,-17.970767
1817,100,100,171,111,179.660638,-16.713077
1818,76,84,172,112,179.319292,-16.57464
1820,,,711,777,177.301422,-17.885468
1821,,,711,777,178.565737,-17.817061
1822,100,100,172,112,178.753445,-16.844486
1823,,,111,777,178.368675,-17.880623
1825,100,100,711,111,179.428822,-16.703467
1826,84,84,711,111,179.409151,-16.364951
1827,,,171,777,177.990384,-18.233477
1828,,,711,777,177.5355,-18.125203
1829,84,84,172,112,178.003017,-17.859802
1830,100,88,711,111,179.254003,-16.46993
1831,,,711,777,178.131937,-17.605325
1832,84,100,112,112,177.999841,-17.899403
1833,76,76,171,111,179.389603,-16.465174
1835,12,12,711,111,179.792047,-16.720825
1836,96,96,172,112,179.495769,-16.553359
1837,,,711,777,179.05414,-16.455994
1838,,,711,777,177.612382,-18.05285
1839,24,24,171,111,177.68201,-17.878542
1840,100,96,111,111,178.692226,-16.924429
1841,100,100,111,111,179.395367,-16.658872
1842,64,44,171,111,178.684439,-16.967055
1843,56,56,171,111,179.998433,-16.830888
1844,,,711,777,179.513467,-16.639588
1845,,,711,777,177.30972,-17.934263
1846,84,84,172,112,178.037691,-17.833864
1847,,,171,777,179.40612,-16.369593
1848,20,16,172,112,177.821219,-17.977242
1849,,,711,777,178.555463,-18.00202
1850,72,72,711,111,178.833224,-16.591687
1851,92,92,555,111,-179.904887,-16.757134
1852,96,96,112,112,177.813339,-18.050482
1853,,,711,777,177.472369,-18.059208
1854,56,56,711,111,179.019301,-16.563401
1855,92,96,171,111,177.87133,-17.501442
1858,84,84,711,111,177.832257,-17.853285
1859,,,711,777,179.582412,-16.392162
1860,56,56,172,112,179.383464,-16.605622
1861,92,100,111,111,177.785504,-18.1013
1862,,,711,777,178.185138,-18.209598
1863,92,92,172,112,178.747862,-16.849684
1864,100,100,171,111,179.699444,-16.350049
1866,,,171,777,179.186148,-16.555483
1867,40,64,711,111,178.035853,-18.053213
1868,92,92,111,111,179.747099,-16.265983
1869,72,48,171,111,179.009466,-16.617707
1870,60,60,711,111,179.715346,-16.704779
1871,32,32,171,111,178.541343,-16.759433
1872,48,48,711,111,177.870944,-18.235684
1873,,,171,777,178.443764,-17.992855
1874,,,711,777,178.571398,-18.073726
1875,88,96,711,111,178.293363,-17.445461
1876,100,100,171,111,178.932415,-16.866733
1877,,,711,777,179.171732,-16.422013
1878,,,711,777,179.063821,-16.468368
1879,88,88,171,111,179.948172,-16.945119
1880,,,711,777,177.724253,-17.75068
1881,100,40,171,111,178.536115,-16.739139
1882,84,76,711,111,179.177499,-16.460711
1883,80,80,711,111,178.087612,-17.803497
1884,56,60,711,111,177.672044,-17.712633
1885,100,100,172,112,179.253174,-16.59217
1886,96,96,172,112,178.069514,-17.75859
1887,80,80,171,111,179.532567,-16.574322
1888,56,56,711,111,179.632929,-16.244674
1889,84,16,171,111,179.787923,-16.669134
1890,,,711,777,178.053993,-18.100832
1891,84,0,171,171,178.597171,-16.772835
1892,80,80,711,111,178.00121,-17.53418
1894,88,88,172,112,178.042051,-17.80483
1895,64,64,172,112,179.34947,-16.606822
1897,,,711,777,177.431928,-18.098348
1899,88,88,111,111,178.290846,-17.806599
1900,88,88,171,111,177.381961,-18.068356
1901,,,712,777,178.000345,-17.530931
1902,12,12,777,111,179.368834,-16.396845
1903,,,711,777,179.769457,-16.379756
1904,100,80,171,111,178.650086,-16.774044
1905,100,64,171,111,177.855227,-18.096394
1906,,,172,777,178.095237,-17.567303
1907,72,80,171,111,178.701228,-16.828931
1908,,,711,777,178.147387,-17.589511
1909,,,171,777,-179.854046,-16.805659
1910,92,92,171,111,179.351607,-16.71276
1911,84,84,172,112,178.033805,-17.896243
1912,32,32,711,111,179.96087,-16.98313
1913,,,711,777,178.103668,-18.245871
1914,32,16,711,111,178.728148,-16.661715
1915,,,711,777,177.435303,-18.086953
1916,72,100,172,112,178.044308,-17.803462
1917,84,100,711,111,178.624966,-16.665532
1918,,,171,777,-179.910887,-16.716324
1919,84,92,711,111,177.89316,-17.859523
1920,44,44,711,111,178.582287,-18.118635
1921,76,76,711,111,179.113798,-16.56951
1922,72,76,711,111,179.793307,-16.359662
1923,100,100,112,112,178.051104,-17.852229
1924,72,44,171,111,178.260079,-18.137821
1925,64,92,555,111,178.434283,-17.622338
1926,56,56,171,111,178.705703,-16.98233
1927,,,711,777,177.661366,-18.189615
1928,,,171,777,178.780402,-16.927476
1929,12,72,711,111,177.895619,-17.784949
1930,52,44,711,111,179.257596,-16.681829
1931,,,712,777,177.952925,-17.70388
1932,76,76,555,111,178.99857,-16.866911
1933,100,100,171,111,179.151909,-16.635253
1936,76,76,711,111,179.046157,-16.471523
1938,84,100,172,112,178.016948,-17.870033
1939,100,100,172,112,178.765194,-16.836524
1940,88,100,172,112,177.820654,-17.977515
1941,24,16,711,111,178.094138,-17.806172
1942,76,76,171,111,178.781429,-16.916895
1944,,,711,777,179.672779,-16.225479
1945,100,100,172,112,179.334174,-16.573661
1946,60,60,711,111,179.405506,-16.479355
1947,52,52,711,111,178.491425,-16.78149
1948,,,711,777,178.235476,-17.615007
1949,20,16,711,111,179.908103,-16.512253
1950,92,92,711,111,178.17059,-17.811152
1951,80,80,171,111,178.990298,-16.612741
1952,,,711,777,177.922805,-17.952654
1953,56,76,171,111,177.922986,-17.768282
1954,,,171,777,178.425863,-18.021452
1955,100,48,172,112,177.822341,-17.974797
1957,48,48,711,111,177.670835,-17.691758
1958,,,777,777,178.118758,-17.759942
1959,,,555,777,178.461124,-17.794829
1960,76,76,711,111,178.463943,-18.034993
1961,88,100,172,112,178.046306,-17.806434
1964,,,711,777,177.888123,-17.699574
1965,,,711,777,179.112049,-16.512067
1966,76,92,555,111,177.6400876,-17.79598346
1967,,,555,777,178.3204841,-17.64129682
1968,68,76,555,111,178.4790042,-18.0061431
1969,,,555,777,177.7392214,-17.81244515
1970,,,555,777,178.7888319,-16.92550444
1971,100,100,555,112,178.0034173,-17.83024693
1972,80,100,555,111,179.3694711,-16.63342431
1973,,,555,777,177.8106962,-17.90624776
1974,80,84,555,111,178.7054118,-16.88745188
1975,,,555,777,179.9703283,-16.97594924
1976,80,96,555,111,179.4544368,-16.48420607
1977,76,76,555,111,179.0108546,-16.75051025
1979,,,555,777,179.8266675,-16.29880098
1980,80,80,555,111,178.9755428,-16.51665529
1981,60,100,555,111,179.8466853,-16.70842952
1982,96,64,555,111,178.6072603,-17.96554458
1983,100,100,555,111,178.7929965,-16.85959595
1984,76,56,555,111,178.5395712,-17.73594372
1985,72,72,555,111,179.7931641,-16.6235479
1986,100,100,555,111,177.8781234,-17.96831628
1987,80,80,555,111,178.3046361,-17.75689513
1988,36,36,555,111,178.827689,-16.66031919
1989,52,56,555,111,178.8247915,-16.88723621
1990,80,80,555,111,179.7951861,-16.5690647
1991,52,52,555,111,177.3805489,-17.80587973
1992,32,32,555,111,178.7391375,-16.88066222
1993,92,100,555,111,178.7100678,-16.93539559
1994,100,100,555,111,-179.8794585,-16.76487597
1995,80,80,555,111,177.4577293,-17.6557631
1996,100,100,555,111,-179.9058314,-16.76825331
1997,88,88,555,111,179.4728055,-16.60322331
1998,76,60,555,111,179.6037681,-16.26671159
1999,56,72,555,111,179.7611414,-16.60474023
2000,72,72,555,111,179.5678561,-16.77630157
2001,100,84,555,111,178.4019724,-17.68492378
2002,,,555,777,177.6807231,-17.9124398
2003,,,555,777,177.4365109,-17.65337079
2004,100,100,555,111,177.9805098,-18.24355904
2005,100,100,555,111,178.6109795,-16.77516731
2006,88,88,555,111,177.7940597,-17.66662522
2007,72,36,555,111,177.3898903,-17.80586134
2008,,,555,777,178.7508285,-16.95755014
2009,84,84,555,111,177.7527101,-17.92356262
2010,84,84,555,111,178.7165389,-16.87244909
2011,100,100,555,112,178.0440642,-17.81024162
2012,48,36,555,111,178.0828241,-17.85422408
2013,36,36,555,111,178.0445245,-17.88913699
2015,72,72,555,111,177.7409745,-17.89405308
2016,12,20,555,111,177.855015,-17.5172399
2017,,,555,777,177.521783,-17.79958854
2018,96,92,555,111,179.0216101,-16.86289089
2019,,,555,777,177.6538487,-17.84393147
2020,40,40,555,111,178.2990906,-17.65472342
2021,100,100,555,112,178.0589014,-17.63772387
2022,100,100,555,112,178.0095164,-17.90775825
2023,52,52,555,111,179.0798076,-16.49233275
2024,,,555,777,177.9274504,-17.81082951
2025,92,92,555,111,178.077995,-17.85153958
2027,100,100,555,111,179.7770564,-16.61726176
2028,24,20,555,111,-179.9596372,-16.77934784
2029,40,48,555,111,178.4476355,-18.11969449
2030,88,88,555,111,178.2540221,-17.84262559
2031,100,80,555,111,178.7268935,-16.95829628
2032,92,92,555,111,178.8805131,-16.74198131
2033,80,80,555,111,178.5352832,-17.63079515
2034,12,12,555,111,178.6253213,-16.77397025
2035,96,96,555,111,178.7482322,-16.92043409
2036,60,60,555,111,178.7291281,-16.98701226
2037,72,72,555,111,179.5925411,-16.77138594
2038,84,92,555,111,179.7968165,-16.56524984
2039,,,555,777,178.3656382,-17.66728644
2040,,,555,777,178.3935527,-17.94822041
2041,92,92,555,111,178.6964481,-16.92412341
2042,100,100,555,111,178.9612032,-16.84667203
2043,96,96,555,111,179.7114278,-16.3032922
2044,,,555,777,177.4664888,-17.65248862
2045,100,100,555,111,178.8446143,-16.84097631
2046,80,80,555,111,178.0918732,-18.03718002
2047,76,76,555,111,177.731387,-17.90412165
2048,92,92,555,111,177.5885252,-17.78150305
2049,,,555,777,179.55243,-16.46081336
2051,36,20,555,111,177.6976724,-17.68244595
2052,80,88,555,111,177.8188495,-17.89319894
2053,,,555,777,178.4693449,-18.03712043
2054,80,24,555,111,178.4691699,-17.98182014
2055,96,72,555,111,177.5241186,-18.11221959
2057,12,16,555,111,177.5286058,-18.00076542
2059,84,92,555,111,178.5130571,-18.04572904
2060,20,20,555,111,178.7430091,-16.90367149
2062,100,100,555,111,178.1125694,-18.03841765
2063,100,100,555,111,179.9972825,-16.82927996
2064,100,100,555,111,177.515438,-18.14966124
2065,80,80,555,111,179.4457637,-16.79702785
2066,,,555,777,179.7979471,-16.54626986
2067,,,555,777,179.061209,-16.59280559
2068,92,92,555,111,179.398102,-16.72035587
2069,,,555,777,177.4564815,-17.83310414
2070,100,100,555,111,178.6961309,-16.98295223
2071,52,56,555,111,178.8307126,-16.65297336
2072,100,100,555,111,178.8799584,-16.74279958
2073,,,555,777,178.7955142,-16.947132
2074,100,100,555,111,178.1882008,-17.60580817
2075,,,555,777,179.9518889,-16.89468012
2076,,,555,777,177.5012511,-18.14752955
2077,88,88,555,111,178.2085767,-17.35218378
2078,100,100,555,112,179.2268762,-16.60275179
2079,,,555,777,178.2877213,-17.48670696
2080,,,555,777,178.1690545,-17.39715509
2082,,,555,777,177.8738591,-17.90760125
2084,,,555,777,179.2499066,-16.67351102
2085,92,92,555,111,179.3083213,-16.62083404
2086,80,100,555,111,178.0632344,-17.70141611
2087,100,100,555,111,178.179942,-18.15405332
2088,80,80,555,111,177.8641159,-17.88405584
2090,92,92,555,111,178.3395488,-17.88543385
2091,100,100,555,111,179.4834301,-16.57708228
2092,,,555,777,178.5247765,-17.79271644
2093,100,100,555,111,178.6331031,-16.76252251
2094,,,555,777,179.0276438,-16.60858561
2095,100,100,555,111,178.7373671,-16.93326766
2096,100,100,555,111,178.4300215,-17.61965801
2097,100,100,555,111,178.709958,-16.8294009
2098,100,100,555,111,179.2917919,-16.60177514
2099,100,100,555,111,179.7932435,-16.57071633
2100,,,555,777,179.6467725,-16.74739449
2101,,,555,777,177.4511823,-17.63896616
2103,100,100,555,111,177.4419363,-17.67450933
2104,,,555,777,178.574601,-17.95578251
2105,24,32,555,111,177.5350971,-17.8030776
2106,,,555,777,179.3120495,-16.79044402
2107,100,100,555,111,177.3151093,-18.09776124
2108,100,100,555,111,179.5589232,-16.54879975
2109,100,100,555,111,-179.9115021,-16.78269412
2110,92,92,555,111,178.7810149,-16.90280206
2111,100,100,555,111,179.1883961,-16.62999246
2112,100,100,555,111,178.3376499,-17.97192808
2113,28,28,555,111,177.6113964,-17.5140729
2114,100,100,555,111,179.8398385,-16.60638866
2115,88,88,555,111,178.1821789,-17.76580541
2116,84,84,555,111,178.1945666,-17.71367561
2118,,,555,777,179.0407432,-16.59788635
2119,100,100,555,111,179.4775268,-16.59883134
2120,100,100,555,111,177.9636503,-18.1186569
2121,,,555,777,178.7617141,-16.9468843
2122,100,100,555,111,179.7018269,-16.46164854
2123,,,555,777,179.246261,-16.65024287
2124,100,100,555,111,177.6216634,-17.78845061
2125,100,100,555,111,178.1386385,-17.81622067
2126,84,84,555,111,178.7393965,-17.00075006
2127,,,555,777,177.7840554,-17.90201864
2128,,,555,777,178.7821648,-16.99495864
2130,,,555,777,178.6978294,-16.8896836
2131,,,555,777,-179.8339602,-16.77907813
2132,20,20,555,111,178.5296156,-17.72951548
2133,100,100,555,111,179.507564,-16.55294674
2135,72,80,555,112,178.0495702,-17.68657737
2136,72,0,555,171,178.3027042,-17.646024
2138,100,100,555,111,179.7883594,-16.56319586
2139,100,100,555,112,178.0180748,-17.61868834
2140,100,100,555,111,178.4328592,-17.62099293
2141,100,100,555,111,178.4037406,-18.09019946
2142,100,92,555,111,178.4574125,-17.58041951
2143,20,20,555,111,177.8054986,-17.69477796
2144,100,100,555,111,178.7336978,-16.96311808
2145,20,20,555,111,177.5720804,-17.77233253
2146,100,100,555,111,-179.9114189,-16.78783924
2147,32,52,555,111,177.4411274,-17.69078082
2148,100,100,555,111,178.9491112,-16.87524841
2149,44,12,555,111,178.5793145,-17.94435901
2150,100,100,555,111,177.6686155,-17.77989022
2151,40,48,555,111,177.6972651,-17.86926903
2152,,,555,777,178.9493923,-16.9026226
2153,84,84,555,111,178.4729999,-17.62042629
2154,72,68,555,111,177.4796153,-17.6963851
2155,68,68,555,111,177.5969034,-17.83272551
2156,100,100,555,111,179.8642271,-16.52667655
2157,100,100,555,111,179.3190521,-16.67166414
2158,100,100,555,111,179.3425419,-16.63806615
2159,88,84,555,111,179.8028598,-16.67191237
2160,12,12,555,111,177.5763673,-17.78533536
2161,100,100,555,111,-179.8797439,-16.76460944
2163,100,100,555,111,177.8148849,-17.89321557
2164,100,100,555,111,177.3377731,-18.08769023
2166,100,100,555,112,178.0557864,-17.68545959
2167,100,100,555,111,178.1543128,-17.56723821
2168,,,555,777,177.9995976,-18.10762884
2169,36,36,555,111,177.6896858,-17.51598547
2170,72,72,555,111,178.1163206,-17.82312745
2171,100,100,555,111,178.7435323,-16.89932968
2172,20,20,555,111,178.883973,-16.60695601
2173,,,555,777,178.7369461,-17.00998778
2174,100,100,555,111,178.765905,-16.85251178
2175,100,100,555,111,178.0736063,-17.78052893
2176,96,96,555,111,179.1491699,-16.51521167
2177,84,84,555,111,177.8795354,-17.50357538
2178,,,555,777,177.8053282,-17.40031015
2179,40,48,555,111,177.4678017,-17.83145042
2180,,,555,777,178.7687015,-16.97122106
2182,100,100,555,111,178.8200904,-16.80785281
2183,,,555,777,177.462021,-17.67500553
2184,100,100,555,111,179.5057928,-16.78384054
2185,,,555,777,177.7264988,-17.81628888
2186,24,24,555,111,178.5157382,-17.8616426
2187,,,555,777,177.4591181,-17.64572689
2188,100,100,555,111,179.3680934,-16.68140715
2189,100,100,555,111,178.6648975,-16.79452864
2190,,,555,777,177.6807252,-17.91298208
2191,100,100,555,111,178.1731054,-17.97868624
2192,100,100,555,111,177.62578,-17.83263514
2193,,,555,777,178.7898096,-16.63923411
2194,,,555,777,178.7006355,-16.9826436
2195,100,100,555,111,179.2025773,-16.64095458
2197,100,100,555,111,179.4260351,-16.68317501
2198,100,100,555,111,178.2277732,-17.39436236
2199,100,92,555,111,178.5267042,-17.98517081
2200,,,555,777,178.7589553,-16.92278185
2201,24,24,555,111,179.3415054,-16.57574645
2203,36,36,555,111,177.5047241,-17.67164676
2204,60,60,555,111,178.8514879,-16.85311267
2205,,,555,777,178.407115,-17.94405621
2206,96,96,555,111,177.8448315,-17.51511434
2208,,,555,777,178.7432791,-16.9635786
2209,,,555,777,179.5955672,-16.47383139
2210,20,20,555,111,178.1428713,-18.03498758
2211,,,555,777,178.0651675,-17.50049706
2212,24,24,555,111,178.8405384,-16.6512599
2213,,,555,777,179.4935297,-16.48835037
2214,,,555,777,178.5413579,-16.76133113
2215,,,555,777,-179.8850626,-16.86924016
2216,100,100,555,111,179.021154,-16.68671232
2217,100,100,555,111,177.3692266,-17.80617259
2218,24,24,555,111,179.6645677,-16.24048481
2219,100,100,555,111,177.5291507,-17.99344289
2220,80,76,555,111,178.3736537,-17.64283126
2221,,,555,777,178.7217477,-17.01174344
2222,,,555,777,177.6662348,-18.12696462
2223,100,100,555,111,178.8641392,-16.79390466
2224,80,80,555,111,179.6133828,-16.29368967
2225,100,100,555,111,178.0107751,-18.07910271
2226,100,100,555,111,178.0472587,-18.06480996
2227,100,100,555,111,178.4354035,-17.62097444
2228,96,92,555,111,179.266479,-16.62427617
2229,,,555,777,178.6064106,-17.96555162
2230,,,555,777,179.0039409,-16.86902746
2231,,,555,777,178.2261514,-17.82382472
2232,,,555,777,177.8109682,-17.71590479
2233,,,555,777,179.1581747,-16.51647399
2234,100,100,555,111,179.3823268,-16.67284287
2235,16,16,555,111,177.6732728,-17.96452568
2236,,,555,777,179.3089969,-16.63031191
2237,80,80,555,111,177.805041,-17.3992267
2238,100,100,555,111,-179.9495189,-16.90190169
2239,,,555,777,177.4529571,-17.67014569
2240,12,12,555,111,177.4722589,-17.91115934
2241,,,555,777,-179.9746393,-16.80855252
2242,28,28,555,111,177.8380219,-17.50917794
2243,100,100,555,111,178.9612143,-16.84775616
2244,,,555,777,179.0663067,-16.77950603
2245,,,555,777,178.7423337,-16.67542209
2247,,,555,777,177.885772,-17.85413359
2248,100,100,555,111,178.1364893,-17.74492819
2249,40,36,555,111,177.827237,-17.49891951
2250,92,96,555,111,177.6222661,-17.79902361
2251,80,84,555,111,178.521594,-17.95078355
2252,96,96,555,111,179.5536891,-16.59926449
2253,100,100,555,111,179.6943134,-16.68852629
2254,,,555,777,178.4265959,-18.11226101
2255,76,76,555,111,177.7411463,-17.86720917
2256,,,555,777,177.4583321,-17.67040442
2257,,,555,777,179.9246107,-16.96848388
2258,100,100,555,111,177.6932757,-17.86277574
2259,,,555,777,178.5528906,-16.79540429
2261,,,555,777,177.4399662,-17.67858116
2263,64,64,555,111,179.3427769,-16.63426943
2264,72,72,555,111,177.705701,-17.85432564
2265,96,96,555,111,178.8990676,-16.59814435
2266,64,64,555,111,178.5066492,-16.74911644
2267,,,555,777,178.3069888,-17.84688696
2269,32,52,555,111,177.7591736,-17.84490604
2270,,,555,777,178.1254344,-17.83202217
2271,32,32,555,111,177.6662395,-17.67306453
2272,52,52,555,111,177.7008865,-17.9261966
2273,,,555,777,177.4985506,-17.68955902
2274,20,20,555,111,177.3969491,-17.79771236
2275,,,555,777,178.7763956,-16.98064191
2277,100,0,555,171,178.8961121,-16.83969392
2278,,,555,777,179.8121282,-16.53632577
2279,64,60,555,111,178.0488509,-17.95065897
2280,100,100,555,111,178.7050573,-16.94194358
2281,20,20,555,111,177.602098,-17.69306551
2282,,,555,777,-179.8719006,-16.76286535
2283,,,555,777,178.8136391,-16.89872046
2284,,,555,777,177.4212519,-17.65936958
2285,100,100,555,111,177.3811097,-18.06808655
2286,,,555,777,179.2730367,-16.67976278
2287,,,555,777,179.6882928,-16.74035479
2288,,,555,777,178.4880476,-17.5937461
2289,100,100,555,111,179.0166962,-16.87730489
2290,12,12,555,111,178.9749236,-16.86686961
2291,32,32,555,111,178.7233662,-17.0038683
2292,100,100,555,111,178.1511544,-17.78171512
2293,16,16,555,111,179.8117414,-16.52901606
2295,100,100,555,111,178.5514923,-16.79649927
2296,,,555,777,179.9332465,-16.96267108
2297,,,555,777,178.8861116,-16.85306835
2298,52,56,555,111,178.6768417,-16.71228973
2299,100,100,555,111,179.3459006,-16.6830149
2301,76,76,555,111,177.9057528,-18.27293749
2302,100,100,555,111,177.723626,-18.15360017
2303,72,72,555,111,178.2558155,-17.81577411
2304,,,555,777,178.2090756,-17.81010427
2305,100,100,555,111,179.1624409,-16.72187353
2306,,,555,777,178.7464478,-16.91014817
2307,100,100,555,111,178.7013023,-16.96284866
2309,76,80,555,111,178.4028208,-17.68491773
2310,,,555,777,178.5386757,-17.63076871
2312,,,555,777,177.5008786,-18.01629466
2313,,,555,777,179.296911,-16.63044602
2314,,,555,777,179.3415152,-16.57655936
2316,100,100,555,111,178.1858916,-18.1532034
2317,68,68,555,111,178.3760601,-18.10286918
2318,100,100,555,111,177.5812107,-17.70749962
2319,56,56,555,111,177.808574,-17.81271293
2320,,,555,777,178.907499,-16.88051915
2321,48,40,555,111,178.4544367,-17.56173558
2322,96,96,555,111,178.5668519,-18.00843416
2323,28,28,555,111,178.4833403,-17.84643964
2326,100,100,555,111,179.6677816,-16.3122477
2327,,,555,777,179.5003558,-16.79826835
2328,80,80,555,111,179.2892537,-16.52971301
2329,100,100,555,111,179.5305611,-16.33317696
2330,,,555,777,178.6726018,-16.90263256
2331,20,20,555,111,177.8996258,-17.85027431
2332,,,555,777,-179.8540553,-16.80511695
2333,,,555,777,-179.8883931,-16.69946356
2334,,,555,777,179.5498775,-16.54457506
2335,60,60,555,111,179.5908892,-16.75325241
2336,44,44,555,111,177.5018152,-18.14644349
2337,100,100,555,111,177.8549476,-18.09720828
2338,80,80,555,111,178.3354457,-17.79084691
2339,80,76,555,111,179.3348593,-16.69994209
2340,100,100,555,111,179.3167875,-16.64702768
2341,,,555,777,179.982868,-16.84276317
2342,68,52,555,111,178.6720008,-16.83432196
2343,100,100,555,111,179.3571374,-16.59020423
2344,,,555,777,178.7363052,-17.00158969
2345,60,60,555,111,177.6818242,-18.19821963
2346,,,555,777,177.449845,-17.66988167
2347,40,40,555,111,179.5814093,-16.75933249
2348,100,100,555,111,179.0212788,-16.80516061
2349,36,36,555,111,179.3534639,-16.63469049
2350,,,555,777,178.1350242,-17.82654427
2352,,,555,777,177.4047144,-18.10084784
2353,72,80,555,111,178.547072,-16.73715953
2354,100,100,555,111,178.5796123,-16.69109594
2355,44,44,555,111,179.7091322,-16.66286437
2356,,,555,777,178.2135143,-18.00500638
2357,96,68,555,111,178.7437939,-16.68137377
2358,100,100,555,111,178.7665209,-16.85819921
2359,44,44,555,111,178.6979252,-16.678773
2360,,,555,777,177.3292943,-18.10207598
2361,100,100,555,111,178.7366012,-16.75679704
2362,28,20,555,111,177.4529592,-17.67095917
2363,,,555,777,177.4558493,-17.69535699
2364,60,60,555,111,178.7097009,-16.8947355
2365,12,12,555,111,179.033745,-16.60066545
2366,,,555,777,178.1809635,-18.22155275
2368,68,72,555,111,178.7692648,-16.97121617
2369,60,60,555,111,179.397567,-16.70003748
2370,68,72,555,111,179.2855561,-16.66851337
2371,52,76,555,111,178.4929172,-17.60157111
2372,100,96,555,111,178.1648775,-17.97683804
2373,,,555,777,177.8945585,-17.79932384
2374,100,100,555,111,178.731746,-16.87286334
2375,76,80,555,111,178.0949398,-17.70530897
2376,60,60,555,111,-179.9738388,-16.80583198
2377,100,100,555,111,178.2593709,-18.03860182
2378,,,555,777,178.4249681,-17.94528153
2379,100,0,555,171,179.6036917,-16.47237564
2380,52,72,555,111,178.3600436,-17.86251942
2381,,,555,777,177.8237937,-17.48727437
2382,64,60,555,111,178.3630404,-17.80990491
2383,40,0,555,171,179.7768737,-16.28889504
2384,,,555,777,178.7586636,-16.92170003
2385,100,100,555,111,177.3751639,-18.07162317
2386,40,40,555,112,177.9037227,-17.76430497
2387,40,40,555,111,178.4035348,-18.09996021
2388,,,555,777,179.294756,-16.63832924
2389,76,76,555,111,178.6756494,-16.96062117
2390,44,44,555,111,179.2846066,-16.65958038
2391,,,555,777,179.7088474,-16.2992611
2392,100,100,555,112,179.3361221,-16.61862608
2393,,,555,777,178.9771754,-16.8668479
2395,84,80,555,111,177.9104452,-17.52539872
2396,,,555,777,177.8392097,-17.70521159
2397,60,60,555,111,178.8405104,-16.85321145
2398,28,28,555,111,179.667805,-16.23096059
2399,,,555,777,177.7052404,-18.02406353
2400,68,60,555,111,177.4697691,-17.93367114
2401,,,555,777,-179.9554285,-16.76113724
2402,,,555,777,179.0478587,-16.57965595
2403,,,555,777,179.9816751,-16.98147198
2404,,,555,777,178.5327644,-16.74241738
2405,68,68,555,111,178.7162425,-16.96407894
2406,100,100,555,111,179.4485752,-16.46476342
2407,56,56,555,111,179.8301713,-16.24971669
2408,24,24,555,111,178.7795484,-16.71549725
2409,,,555,777,179.4153034,-16.54455174
2410,,,555,777,177.4514732,-17.64221944
2411,12,12,555,111,179.4347862,-16.41750026
2412,100,52,555,111,177.435078,-18.11081427
2413,,,555,777,179.5999681,-16.7590992
2414,,,555,777,178.5319689,-16.78363222
2416,28,40,555,111,177.8651653,-17.51231524
2417,60,60,555,111,178.578632,-17.99505579
2418,100,100,555,111,178.7701024,-16.91021592
2419,32,0,555,171,177.5580959,-17.82579026
2420,84,84,555,111,178.7092339,-16.87413667
2423,88,88,555,111,178.2555059,-17.85237602
2424,100,100,555,111,178.2149394,-18.17091505
2425,,,555,777,179.4255554,-16.55554344
2426,100,100,555,111,179.4232752,-16.68727221
2427,100,100,555,111,178.9491056,-16.87470635
2428,32,16,555,111,178.3975859,-17.84842804
2429,,,555,777,179.9748695,-16.97832092
2430,80,76,555,111,177.6869144,-17.90211449
2431,,,555,777,-179.8420086,-16.78543125
2432,100,100,555,111,177.771145,-17.53222585
2433,64,64,555,111,178.0941339,-17.71236275
2434,52,52,555,111,179.0265213,-16.90106012
2435,76,80,555,111,178.1356934,-17.8428076
2437,52,88,555,111,177.8719357,-17.50984528
2438,84,84,555,111,179.8044533,-16.54943351
2439,100,100,555,111,179.8486889,-16.71084012
2440,100,100,555,111,179.7401681,-16.59201297
2441,100,88,555,111,178.6634952,-16.79508217
2442,100,100,555,111,178.6551767,-16.77698573
2443,,,555,777,179.6990003,-16.68196259
2444,32,32,555,111,179.4763892,-16.6852884
2445,80,80,555,111,177.4085419,-17.91618434
2446,80,80,555,111,178.1877807,-17.75709576
2447,68,68,555,111,178.7014268,-16.97667308
2448,,,555,777,178.7419377,-16.94027691
2449,,,555,777,178.0866102,-18.05700129
2450,80,80,555,111,177.4218321,-17.66560508
2451,40,40,555,111,178.2394224,-17.81913208
2452,100,100,555,111,177.873373,-17.86611953
2453,100,100,555,112,178.0199172,-17.89414767
2454,,,555,777,178.6411912,-18.02055859
2455,76,76,555,111,179.3737597,-16.66210128
2456,40,40,555,111,178.457217,-18.0784173
2457,100,100,555,111,178.0491149,-17.94740406
2458,100,100,555,111,179.7957087,-16.56634842
2459,100,100,555,111,178.906169,-16.86020171
2460,96,96,555,111,177.9175386,-17.97518334
2462,80,80,555,111,179.7797993,-16.31730465
2463,,,555,777,177.7066214,-17.94380022
2464,,,555,777,179.9723708,-16.98052445
2465,80,80,555,111,177.5423262,-18.13169173
2467,64,64,555,111,178.1819102,-18.1093083
2468,96,96,555,111,179.0760015,-16.79133441
2469,56,56,555,111,177.4546461,-17.66688787
2470,,,555,777,-179.9182321,-16.71399558
2471,,,555,777,177.4795136,-17.97567601
2472,,,555,777,178.515905,-18.080405
2473,96,96,555,111,177.4537877,-18.10887308
2474,96,96,555,111,179.5136745,-16.28541491
2475,60,60,555,111,177.4229756,-17.67075471
2476,100,88,555,111,179.5129456,-16.42579246
2477,12,12,555,111,178.2035444,-17.82938758
2478,48,48,555,112,177.820689,-17.98510705
2480,100,100,555,112,178.0194422,-17.86053034
2481,,,555,777,179.0193928,-16.67968213
2482,100,100,555,111,178.6573322,-16.79838506
2483,100,100,555,111,177.5802816,-17.77041033
2484,100,100,555,111,177.4957337,-17.69390469
2485,72,72,555,111,179.3468402,-16.78273317
2487,,,555,777,178.5608002,-17.99682671
2488,,,555,777,178.7464453,-16.90987711
2489,64,64,555,111,177.5356085,-18.06744874
2491,44,44,555,112,177.9718417,-17.80193767
2492,28,28,555,111,179.5711438,-16.43186158
2493,84,84,555,111,177.333751,-17.90900576
2494,96,96,555,111,178.0172131,-18.1140436
2495,100,96,555,112,178.0343762,-17.8970538
2496,36,36,555,111,177.4600202,-17.66687538
2497,,,555,777,-179.8563891,-16.80000651
2498,92,92,555,111,177.8935194,-17.53171204
2499,,,555,777,179.440304,-16.36459231
2500,,,555,777,179.334763,-16.45901726
2501,36,40,555,111,177.3847619,-17.79041538
2503,96,96,555,111,177.8737351,-18.22645265
2535,68,68,111,111,177.634545,-17.66883076
